Código de producto;Nombre del producto;Categoría;Subcategoría;CATEGOR;Inventario inicial;Descripción corta del producto;Descripción larga (Lo más detallada posible);Fabricante (Opcional)
012502660521        ;IMPRESORA BROTHER DCP-T420W - WiFi - MFC;Impresoras;Sistema Contínuo;Impresoras,Sistema Contínuo;1;IMPRESORA BROTHER DCP-T420W - WiFi - MFC;"Multifuncional de inyección de tinta a color DCP-T420W InkBenefit Tank con conectividad inalámbrica.

FUNCIONES: Imprime - Copia - Escanea - WIFI
RESOLUCION: Hasta 6.000 x 1.200 dpi.
VELOCIDAD IMPRESION: Hasta 28 ppm en negro y 11 ppm a color.
RENDIMIENTO: Hasta 7.500 páginas en negro y 5.000 páginas a color.
CONECTIVIDAD: WiFi / USB / WIRELESS DIRECT / Brother iPrint&Scan.
TINTAS: BTD60BK / BT5001C / BT5001M / BT5001Y
INCLUYE: Cable USB,
GARANTIA: 2 AÑOS.";Brother
012502660538        ;IMPRESORA BROTHER DCP-T520W - WiFi - MFC;Impresoras;Sistema Contínuo;Impresoras,Sistema Contínuo;1;IMPRESORA BROTHER DCP-T520W - WiFi - MFC;"Multifuncional de inyección de tinta a color DCP-T520W InkBenefit Tank con conectividad inalámbrica.

FUNCIONES: Imprime - Copia - Escanea - WIFI
RESOLUCION: Hasta 6.000 x 1.200 dpi.
VELOCIDAD IMPRESION: Hasta 30 ppm en negro y 12 ppm a color.
RENDIMIENTO: Hasta 15.000 páginas en negro y 5.000 páginas a color.
CONECTIVIDAD: WiFi / USB / WIRELESS DIRECT / Brother iPrint&Scan.
TINTAS: BTD60BK / BT5001C / BT5001M / BT5001Y
INCLUYE: Cable USB,
GARANTIA: 2 AÑOS.";Brother
013803330434        ;IMPRESORA CANON G2160 - USB - MFP -  LCD;Impresoras;Sistema Contínuo;Impresoras,Sistema Contínuo;1;IMPRESORA CANON G2160 - USB - MFP -  LCD;"FUNCIONES: Imprime - Copia - Escanea
RESOLUCION: Hasta 4800 x 1200 dpi.
VELOCIDAD IMPRESION: Hasta 33 ppm en negro y 16 ppm a color.
RENDIMIENTO: Hasta 7,600 páginas en negro y 7,700 páginas a color.
CONECTIVIDAD: USB.
VISOR: Pantalla LCD de 2 líneas.
TINTAS: GL11BK - GL11C - GL11M - GL11Y
GARANTIA: 3 AÑOS";Canon
013803292510        ;IMPRESORA CANON G3110 - WiFi - MFP;Impresoras;Sistema Contínuo;Impresoras,Sistema Contínuo;1;IMPRESORA CANON G3110 - WiFi - MFP;"FUNCIONES: Imprime - Copia - Escanea - WiFi
RESOLUCION: Hasta 4800 x 1200 dpi.
VELOCIDAD IMPRESION: Hasta 8.8 ppm en negro y 5 ppm a color.
RENDIMIENTO: Hasta 6,000 páginas en negro y 7,000 páginas a color.
CONECTIVIDAD: WiFi / USB / Canon PRINT Inkjet / Google Cloud Print
VISOR: Pantalla LCD de 3.05 cm.
TINTAS: GI190BK - GI190C - GI190M - GI190Y
GARANTIA: 3 AÑOS";Canon
013803317848        ;IMPRESORA CANON G6010 - DUPLEX - WiFi - ETHERNET - MFC;Impresoras;Sistema Contínuo;Impresoras,Sistema Contínuo;1;IMPRESORA CANON G6010 - DUPLEX - WiFi - ETHERNET - MFC;"FUNCIONES: Imprime - Copia - Escanea - WiFi - Duplex
RESOLUCION: Hasta 4800 x 1200 dpi.
VELOCIDAD IMPRESION: Hasta 13 ppm en negro y 6.8 ppm a color.
RENDIMIENTO: Hasta 8,300 páginas en negro y 7,700 páginas a color.
CONECTIVIDAD: WiFi / USB / Ethernet / Wireless Direct
VISOR: Pantalla LCD.
TINTAS: GI10PGBK - GI10C - GI10M - GI10Y
GARANTIA: 3 AÑOS";Canon
13803333183;IMPRESORA CANON GX6010 - DUPLEX - WiFi - ETHERNET - LCD2.7;Impresoras;Sistema Contínuo;Impresoras,Sistema Contínuo;1;IMPRESORA CANON GX6010 - DUPLEX - WiFi - ETHERNET - LCD2.7;"FUNCIONES: Imprime - Copia - Escanea - Duplex - ADF - WiFi
RESOLUCION: Hasta 600 x 1200 dpi.
VELOCIDAD IMPRESION: Hasta 45 ppm en negro y 25 ppm a color.
RENDIMIENTO: Hasta 9,000 páginas en negro y 21,000 páginas a color.
CONECTIVIDAD: WiFi / USB / Ethernet / Wireless Direct
VISOR: Pantalla Táctil LCD en color de 2.7”
TINTAS: GI16 - GI16 - GI16 - GI16
GARANTIA: 3 AÑOS";Canon
010343958067        ;IMPRESORA EPSON L3210 - ECOTANK;Impresoras;Sistema Contínuo;Impresoras,Sistema Contínuo;1;IMPRESORA EPSON L3210 - ECOTANK;"FUNCIONES: Imprime - Copia - Escanea
TECNOLOGIA DE IMPRESION: MicroPiezo® de 4 colores (CMYK)
RESOLUCION: Hasta 5760 dpi x 1440 dpi.
VELOCIDAD IMPRESION: Hasta 33 ppm en negro y 15 ppm a color.
RENDIMIENTO: Hasta 4,500 páginas en negro y 7,500 páginas a color.
CONECTIVIDAD: WiFi / USB / Ethernet / Wireless Direct
VISOR: N/A
TINTAS: T544120 - T544220 - T544320 - T544420
INCLUYE: Cable USB.
GARANTIA: 2 AÑOS";Epson
010343958098        ;IMPRESORA EPSON L3250 - WiFi - MFC - ECOTANK;Impresoras;Sistema Contínuo;Impresoras,Sistema Contínuo;1;IMPRESORA EPSON L3250 - WiFi - MFC - ECOTANK;"FUNCIONES: Imprime - Copia - Escanea - WiFi
TECNOLOGIA DE IMPRESION: MicroPiezo® de 4 colores (CMYK)
RESOLUCION: Hasta 5760 dpi x 1440 dpi.
VELOCIDAD IMPRESION: Hasta 33 ppm en negro y 15 ppm a color.
RENDIMIENTO: Hasta 4,500 páginas en negro y 7,500 páginas a color.
CONECTIVIDAD: WiFi / USB / WiFi Direct
VISOR: N/A
TINTAS: T544120 - T544220 - T544320 - T544420
INCLUYE: Cable USB.
GARANTIA: 2 AÑOS";Epson
010343957961        ;IMPRESORA EPSON L4260 - DUPLEX - WIFI  - ECOTANK;Impresoras;Sistema Contínuo;Impresoras,Sistema Contínuo;1;IMPRESORA EPSON L4260 - DUPLEX - WIFI  - ECOTANK;"FUNCIONES: Imprime - Copia - Escanea - Duplex - WiFi
TECNOLOGIA DE IMPRESION: MicroPiezo® de 4 colores (CMYK)
RESOLUCION: Hasta 5760 dpi x 1440 dpi.
VELOCIDAD IMPRESION: Hasta 33 ppm en negro y 15 ppm a color.
RENDIMIENTO: Hasta 7,500 páginas en negro y 6,000 páginas a color.
CONECTIVIDAD: WiFi / USB / WiFi Direct
VISOR: Sí
TINTAS: T504120 - T504220 - T504320 - T504420
INCLUYE: Cable USB.
GARANTIA: 2 AÑOS";Epson
ARTEC0005474        ;IMPRESORA EPSON L850 - 6 COLORES - CD/DVD - ECOTANK - 1900 FOTOS;Impresoras;Sistema Contínuo;Impresoras,Sistema Contínuo;1;IMPRESORA EPSON L850 - 6 COLORES - CD/DVD - ECOTANK - 1900 FOTOS;"FUNCIONES: Imprime - Copia - Escanea - Foto - CD/DVD
TECNOLOGIA DE IMPRESION: MicroPiezo® de 6 colores (CcMmYK)
RESOLUCION: Hasta 5760 dpi x 1440 dpi.
VELOCIDAD IMPRESION: Hasta 37 ppm en negro y 38 ppm a color.
RENDIMIENTO: Hasta 1900 fotos de 10x15cm.
CONECTIVIDAD: USB
VISOR: Pantalla LCD a color de 2,7""
RANURAS DE TARJETAS: SDTM (SDHC, SDXC), Memory Stick
TINTAS: T673120 - T673220 - T673320 - T673420 - T673520 - T673620
INCLUYE: Cable USB.
GARANTIA: 2 AÑOS";Epson
010343932937        ;IMPRESORA EPSON PM-525 FOTOGRAFICA - +5R - USB - MICRO USB - PORTABLE - PICTURE MATE;Impresoras;Fotográfica;Impresoras,Fotográfica;1;IMPRESORA EPSON PM-525 FOTOGRAFICA - +5R - USB - MICRO USB - PORTABLE - PICTURE MATE;"Impresora fotográfica portátil e inalámbrica.

FUNCIONES: Imprime
TECNOLOGIA DE IMPRESION: MicroPiezo® de 4 colores (CMYK)
RESOLUCION: Hasta 5760 dpi x 1440 dpi.
VELOCIDAD IMPRESION: Aprox. 36 seg por Foto (sin margen/borde).
FORMATO: Hasta 13x18cm (5""x7"").
CONECTIVIDAD: USB / WiFi / Wi-Fi Direct / PictBridge
VISOR: Pantalla LCD de 2,7 pulg
TINTAS: T376020 (Cartucho de cuatro colores de capacidad estándar)
INCLUYE: Cartucho de Inicialización / Caja de mantenimiento adicional
GARANTIA: 1 AÑO";Epson
C31CH51001          ;IMPRESORA EPSON TM-T20III-001 - TERMICA - USB - SERIAL - NEGRA;Impresoras;Puntos de Venta;Impresoras,Puntos de Venta;1;IMPRESORA EPSON TM-T20III-001 - TERMICA - USB - SERIAL - NEGRA;"La solución económica, eficiente e ideal para el comercio de las pequeñas y medianas empresas.

FUNCIONES: Imprime 
TECNOLOGIA DE IMPRESION: Térmica de líneas.
VELOCIDAD IMPRESION: 250 mm/s (9,84 pulg/s).
CONECTIVIDAD:  USB + serial / Epson ePOS
CORTADOR: Automático 1,5 millones de cortes.
SUMINISTRO: Papel térmico en rollo
GARANTIA: 1 AÑO";Epson
811080;IMPRESORA TERMICA BEMATECH LR2000 - USB - SERIAL - RJ12 - CORTADOR AUTOMATICO - LOGIC CONTROLS;Impresoras;Puntos de Venta;Impresoras,Puntos de Venta;1;IMPRESORA TERMICA BEMATECH LR2000 - USB - SERIAL - RJ12 - CORTADOR AUTOMATICO - LOGIC CONTROLS;"Impresora de Tickets Bematech LR2000 - Térmica.

FUNCIONES: Impresora de TPV
TECNOLOGIA DE IMPRESION: Térmica.
RESOLUCIÓN: 180 x 180 DPI
ANCHO DE PAPEL: 79.5 mm
MÁXIMO DIAMETRO DEL ROLLO: 71cm
VELOCIDAD IMPRESION: 250 mm/s (9,84 pulg/s).
CONECTIVIDAD:  USB / RJ-11 / Ethernet / Serie
CORTADOR: 1 millones de cortes.
SUMINISTRO: Papel térmico en rollo
GARANTIA: 1 AÑO";Bematech
ZEB-ZD23042-D01G00EZ;IMPRESORA ZEBRA ZD230 - USB - 203DPI - 203 PPP;Impresoras;Etiquetadora;Impresoras,Etiquetadora;1;IMPRESORA ZEBRA ZD230 - USB - 203DPI - 203 PPP;"Impresora Etiquetadora Zebra ZD230
OPERACIÓN CONFIABLE, CONSTRUCCIÓN DE CALIDAD, VALOR INCONFUNDIBLE

FUNCIONES: Impresora de etiquetas
TECNOLOGIA DE IMPRESION: Transferencia térmica o térmica directa.
RESOLUCIÓN: 203 ppp/8 puntos por mm
ANCHO DE IMPRESIÓN: 4.1 pulg.104.14 mm  
LONGITUD MAX DE ETIQUETA: 39,0"" /991 mm
VELOCIDAD IMPRESION: Hasta 6 pulg. / 152 mm por segundo (203 ppp) .
CONECTIVIDAD:  USB / Ethernet / Bluetooth 4.1 / WiFi
GARANTIA: 1 AÑO";Zebra
193199819307        ;"LAPTOP ACER CORE i3 - 4GB - 1TB HDD - 14"" UHD - A514-53-37SC ";Computadoras;Laptop;Computadoras,Laptop;1;"LAPTOP ACER CORE i3 - 4GB - 1TB HDD - 14"" UHD - A514-53-37SC ";"NOMBRE DE PRODUCTO: NX.HUNAL.001
MARCA: ACER
MODELO: A514-53-37SC
PROCESADOR: INTEL CORE i3-1005G1
MEMORIA: 4 GB DDR4
DISCOS: 1000 GB HDD
PANTALLA: 14"" UHD
GRÁFICA: INTEL GRAPHICS
COLOR: NEGRA";Acer
195553345064        ;"LAPTOP ASUS TUF CORE i7 - 8GB - 512GB SSD - 15.6"" FHD - 4GB GTX1650 NVIDIA - FX506LH-HN155";Computadoras;Laptop;Computadoras,Laptop;1;"LAPTOP ASUS TUF CORE i7 - 8GB - 512GB SSD - 15.6"" FHD - 4GB GTX1650 NVIDIA - FX506LH-HN155";"NOMBRE DE PRODUCTO: 90NR0
MARCA: ASUS TUF
MODELO: FX506LH-HN155
PROCESADOR: INTEL CORE i7-10870H
MEMORIA: 8 GB DDR4
DISCOS: 512 GB SSD
PANTALLA: 15.6 FHD WV
GRÁFICA: 4GB GTX1650 NVIDIA GEFORCE
COLOR: GRIS METAL";Asus
192876670569        ;"LAPTOP ASUS CORE i7 - 8GB - 512GB SSD - 15.6"" FHD - 4GB GTX1650ti - G512LI-BI7N10";Computadoras;Laptop;Computadoras,Laptop;1;"LAPTOP ASUS CORE i7 - 8GB - 512GB SSD - 15.6"" FHD - 4GB GTX1650ti - G512LI-BI7N10";"NOMBRE DE PRODUCTO: B08DXRHVLL
MARCA: ASUS ROG
MODELO: G512LI-BI7N10
PROCESADOR: INTEL CORE i7-10750H
MEMORIA: 8 GB DDR4
DISCOS: 512 GB SSD
PANTALLA: 15.6 FHD
GRÁFICA: 4GB GTX-1650ti NVIDIA GEFORCE
COLOR: ELECTRO PUNK PLASTIC";Asus
195553387712        ;"LAPTOP ASUS ROG RYZEN 7 - 16GB  - 512GB SSD - 15,6"" FHD - 4GB RTX3050 -G513IC-HN050";Computadoras;Laptop;Computadoras,Laptop;1;"LAPTOP ASUS ROG RYZEN 7 - 16GB  - 512GB SSD - 15,6"" FHD - 4GB RTX3050 -G513IC-HN050";"NOMBRE DE PRODUCTO: 90NR0501-M01220
MARCA: ASUS ROG
MODELO: G513IC-HN050
PROCESADOR: AMD RYZEN 7 4800H
MEMORIA: 16 GB DDR4
DISCOS: 512 GB SSD
PANTALLA: 15.6 FHD
GRÁFICA: 4GB RTX-3050 NVIDIA GEFORCE
COLOR: NEGRA";Asus
195553139137        ;"LAPTOP ASUS CELERON - 4GB - 128GB SSD - 15,6"" FHD - L510MA-WB04";Computadoras;Laptop;Computadoras,Laptop;1;"LAPTOP ASUS CELERON - 4GB - 128GB SSD - 15,6"" FHD - L510MA-WB04";"NOMBRE DE PRODUCTO: 90NB0Q65-M06560
MARCA: ASUS
MODELO: L510MA-WB04
PROCESADOR: INTEL CELERON N4020
MEMORIA: 4 GB DDR4
DISCOS: 128 GB SSD
PANTALLA: 15.6 FHD
GRÁFICA: INTEL GRAPHICS
COLOR: NEGRA";Asus
195553164863        ;"LAPTOP ASUS TUF CORE i7 - 8GB - 512GB SSD - 15,6"" FHD 144Hz - 4GB RTX3050Ti - 516PE-AB73";Computadoras;Laptop;Computadoras,Laptop;1;"LAPTOP ASUS TUF CORE i7 - 8GB - 512GB SSD - 15,6"" FHD 144Hz - 4GB RTX3050Ti - 516PE-AB73";"NOMBRE DE PRODUCTO: 90NR0641-M02000
MARCA: ASUS TUF
MODELO: 516PE-AB73
PROCESADOR: INTEL CORE i7-11370H
MEMORIA: 8 GB DDR4
DISCOS: 512 GB SSD
PANTALLA: 15.6 FHD
GRÁFICA: 4GB RTX-3050Ti NVIDIA GEFORCE 
COLOR: NEGRA";Asus
195553216838        ;"LAPTOP ASUS CORE i3 - 4GB - 256GB SSD - 14"" FHD - X415EA-EB222";Computadoras;Laptop;Computadoras,Laptop;1;"LAPTOP ASUS CORE i3 - 4GB - 256GB SSD - 14"" FHD - X415EA-EB222";"NOMBRE DE PRODUCTO: 90NB0TT1-M02670
MARCA: ASUS
MODELO: X415EA-EB222
PROCESADOR: INTEL CORE i3-1115G4
MEMORIA: 4 GB DDR4
DISCOS: 256 GB SSD
PANTALLA: 14 FHD
GRÁFICA: INTEL GRAPHICS
COLOR: GRIS";Asus
195553092852        ;"LAPTOP ASUS CORE i3 - 4GB - 256GB SSD - 14"" FHD - X415JA-EK366";Computadoras;Laptop;Computadoras,Laptop;1;"LAPTOP ASUS CORE i3 - 4GB - 256GB SSD - 14"" FHD - X415JA-EK366";"NOMBRE DE PRODUCTO: 90NB0ST1-M05810
MARCA: ASUS
MODELO: X415JA-EK366
PROCESADOR: INTEL CORE i3-1005G1
MEMORIA: 4 GB DDR4
DISCOS: 256 GB SSD
PANTALLA: 14 FHD
GRÁFICA: INTEL GRAPHICS
COLOR: SILVER";Asus
195553394390        ;"LAPTOP ASUS CORE i5 - 8GB - 256GB SSD - 15,6"" FHD - X515EA-BQ1356T";Computadoras;Laptop;Computadoras,Laptop;1;"LAPTOP ASUS CORE i5 - 8GB - 256GB SSD - 15,6"" FHD - X515EA-BQ1356T";"NOMBRE DE PRODUCTO: 90NB0TY2-M22260
MARCA: ASUS
MODELO: X515EA-BQ1356T
PROCESADOR: INTEL CORE i5-1135G7
MEMORIA: 8 GB DDR4
DISCOS: 256 GB SSD
PANTALLA: 15,6"" FHD 
GRÁFICA: INTEL IRISxe
COLOR: PLATEADA";Asus
195553267755        ;"LAPTOP ASUS CORE i5 - 8GB - 512GB SSD - 2GB MX330  - 15,6"" FHD - X515EP-BQ199";Computadoras;Laptop;Computadoras,Laptop;1;"LAPTOP ASUS CORE i5 - 8GB - 512GB SSD - 2GB MX330  - 15,6"" FHD - X515EP-BQ199";"NOMBRE DE PRODUCTO: 90NB0TZ3-M02
MARCA: ASUS
MODELO: X515EP-BQ199
PROCESADOR: INTEL CORE i5-1135G7
MEMORIA: 8 GB DDR4
DISCOS: 512 GB SSD
PANTALLA: 15,6"" FHD WV
GRÁFICA: INTEL IRISxe
COLOR: PEACOCK BLUE";Asus
192876657591        ;"LAPTOP ASUS ZENBOOK RYZEN 5 - 8GB - 256GB SSD - 2GB MX350 - 14"" FHD - Q407I";Computadoras;Laptop;Computadoras,Laptop;1;"LAPTOP ASUS ZENBOOK RYZEN 5 - 8GB - 256GB SSD - 2GB MX350 - 14"" FHD - Q407I";"NOMBRE DE PRODUCTO: 90NB0R89-M00010
MARCA: ASUS ZENBOOK
MODELO: Q407I/R5-4500U
PROCESADOR: INTEL CORE i5-1135G7
MEMORIA: 8 GB DDR4
DISCOS: 256 GB SSD
PANTALLA: 14"" FHD
GRÁFICA: 2GB MX350 NVIDIA GEFORCE 
COLOR: SILVER";Asus
NT041DEL23          ;"LAPTOP DELL CORE i3 - 4GB - 1TB HDD - 14"" HD - 3410";Computadoras;Laptop;Computadoras,Laptop;1;"LAPTOP DELL CORE i3 - 4GB - 1TB HDD - 14"" HD - 3410";"NOMBRE DE PRODUCTO: L341i3CLS41TUB1WXCT0
MARCA: DELL
MODELO: 3410
PROCESADOR: INTEL CORE i3-10110U
MEMORIA: 4 GB DDR4
DISCOS: 1000 GB HDD
PANTALLA: 14"" HD
GRÁFICA: INTEL GRAPHICS
COLOR: NEGRA";Dell
884116385127        ;"LAPTOP DELL CORE i3 - 4GB - 1TB HDD - 15,6"" UHD - 3501";Computadoras;Laptop;Computadoras,Laptop;1;"LAPTOP DELL CORE i3 - 4GB - 1TB HDD - 15,6"" UHD - 3501";"NOMBRE DE PRODUCTO: HMK90
MARCA: DELL
MODELO: 3501 INSPIRON 3000 SERIES
PROCESADOR: INTEL CORE i3-1115G4
MEMORIA: 4 GB DDR4
DISCOS: 1000 GB HDD
PANTALLA: 15,6"" UHD
GRÁFICA: INTEL GRAPHICS
COLOR: NEGRA";Dell
884116380894        ;"LAPTOP DELL CORE i5 - 8GB - 256GB SSD - 15,6""HD - 3501";Computadoras;Laptop;Computadoras,Laptop;1;"LAPTOP DELL CORE i5 - 8GB - 256GB SSD - 15,6""HD - 3501";"NOMBRE DE PRODUCTO: V9T2R
MARCA: DELL
MODELO: 3501 INSPIRON 15 3000 SERIES
PROCESADOR: INTEL CORE i5-1135G7
MEMORIA: 8 GB DDR4
DISCOS: 256 GB SSD
PANTALLA: 15,6"" UHD
GRÁFICA: INTEL IRISXe
COLOR: GRIS";Dell
884116374367        ;"LAPTOP DELL CORE i7 - 8GB - 256GB SSD - 15,6"" FHD - 3501";Computadoras;Laptop;Computadoras,Laptop;1;"LAPTOP DELL CORE i7 - 8GB - 256GB SSD - 15,6"" FHD - 3501";"NOMBRE DE PRODUCTO: V28H4
MARCA: DELL
MODELO: 3501 INSPIRON 15
PROCESADOR: INTEL CORE i7-1165G7
MEMORIA: 8 GB DDR4
DISCOS: 256 GB SSD
PANTALLA: 15,6"" FHD
GRÁFICA: INTEL IRISXe
COLOR: NEGRA";Dell
884116409311        ;"LAPTOP DELL CORE i3 - 8GB - 256GB SSD - 15.6"" HD - 3511";Computadoras;Laptop;Computadoras,Laptop;1;"LAPTOP DELL CORE i3 - 8GB - 256GB SSD - 15.6"" HD - 3511";"NOMBRE DE PRODUCTO: R039W
MARCA: DELL
MODELO: 3511 INSPIRON 15
PROCESADOR: INTEL CORE i3-1115G4
MEMORIA: 8 GB DDR4
DISCOS: 256 GB SSD
PANTALLA: 15,6"" HD
GRÁFICA: INTEL GRAPHICS
COLOR: NEGRO CARBON";Dell
884116409403        ;"LAPTOP DELL RYZEN 5 - 8GB - 256GB SSD - VEGA 8 - 15,6"" HD - 3515";Computadoras;Laptop;Computadoras,Laptop;1;"LAPTOP DELL RYZEN 5 - 8GB - 256GB SSD - VEGA 8 - 15,6"" HD - 3515";"NOMBRE DE PRODUCTO: D6DM6
MARCA: DELL
MODELO: 3515
PROCESADOR: AMD RYZEN 5 3450U
MEMORIA: 8 GB DDR4
DISCOS: 256 GB SSD
PANTALLA: 15,6"" HD
GRÁFICA: AMD VEGA 8
COLOR: SILVER";Dell
884116400042        ;"LAPTOP DELL CORE i7 - 8GB - 512GB SSD - 4GB RTX 3050 - 15,6"" - 120Hz- 5510 G5 15";Computadoras;Laptop;Computadoras,Laptop;1;"LAPTOP DELL CORE i7 - 8GB - 512GB SSD - 4GB RTX 3050 - 15,6"" - 120Hz- 5510 G5 15";"NOMBRE DE PRODUCTO: WMGWW
MARCA: DELL
MODELO: 5510
PROCESADOR: INTEL CORE i7-10870H
MEMORIA: 8 GB DDR4
DISCOS: 512 GB SSD
PANTALLA: 15,6"" FHD 120Hz
GRÁFICA: 4GB RTX-3050 NVIDIA GEFORCE 
COLOR: NEGRA";Dell
884116387398        ;"LAPTOP DELL VOSTRO RYZEN 5 - 8GB - 256GB SSD - VEGA 8 - 14"" HD -  14 3405";Computadoras;Laptop;Computadoras,Laptop;1;"LAPTOP DELL VOSTRO RYZEN 5 - 8GB - 256GB SSD - VEGA 8 - 14"" HD -  14 3405";"NOMBRE DE PRODUCTO: YG53W
MARCA: DELL 
MODELO: VOSTRO 14 3405
PROCESADOR: AMD RYZEN 5 3450
MEMORIA: 8 GB DDR4
DISCOS: 256 GB SSD
PANTALLA: 15,6"" HD
GRÁFICA: AMD VEGA 8
COLOR: NEGRA";Dell
810075650716        ;"LAPTOP GIGABYTE CORE i5 - 16GB - 512GB SSD - 4GB RTX3050 - 15,6"" - 144Hz - G5 GD";Computadoras;Laptop;Computadoras,Laptop;1;"LAPTOP GIGABYTE CORE i5 - 16GB - 512GB SSD - 4GB RTX3050 - 15,6"" - 144Hz - G5 GD";"NOMBRE DE PRODUCTO: 9RC45GD0MLG1M1LA8
MARCA: GIGABYTE
MODELO: G5 GD
PROCESADOR: INTEL CORE i5-11400H
MEMORIA: 16 GB DDR4
DISCOS: 512 GB SSD
PANTALLA: 15,6"" FHD 144Hz
GRÁFICA: 4GB RTX-3050 NVIDIA GEFORCE 
COLOR: NEGRA";Gigabyte
195697720215        ;"LAPTOP HP AMD 3020E - 4GB - 256GB SSD - 14"" HD - 14-DK1038LA";Computadoras;Laptop;Computadoras,Laptop;1;"LAPTOP HP AMD 3020E - 4GB - 256GB SSD - 14"" HD - 14-DK1038LA";"NOMBRE DE PRODUCTO: 34S25LA#ABM
MARCA: HP
MODELO: 14-DK1038LA
PROCESADOR: AMD 3020E
MEMORIA: 4 GB DDR4
DISCOS: 256 GB SSD
PANTALLA: 14"" HD
GRÁFICA: INTEL GRAPHICS
COLOR: PLATEADA";HP
196188031124        ;"LAPTOP HP RYZEN 3 - 8GB - 1TB HDD - 15,6"" HD  - TACTIL - 15-CW1501LA";Computadoras;Laptop;Computadoras,Laptop;1;"LAPTOP HP RYZEN 3 - 8GB - 1TB HDD - 15,6"" HD  - TACTIL - 15-CW1501LA";"NOMBRE DE PRODUCTO: 4N8Y
MARCA: HP
MODELO: 15-CW1501LA
PROCESADOR: AMD RYZEN 3 3300U
MEMORIA: 8 GB DDR4
DISCOS: 1000 GB HDD
PANTALLA: 15,6"" HD TACTIL
GRÁFICA: AMD GRAPHICS
COLOR: ABYSS_BLUE";HP
195161165580        ;"LAPTOP HP CORE i7 - 8GB - 256GB SSD - 15,6"" HD - 15-DW1073LA";Computadoras;Laptop;Computadoras,Laptop;1;"LAPTOP HP CORE i7 - 8GB - 256GB SSD - 15,6"" HD - 15-DW1073LA";"NOMBRE DE PRODUCTO: 2A4S2LA#ABM
MARCA: HP
MODELO: 15-DW1073LA
PROCESADOR: INTEL CORE i7-10510U
MEMORIA: 8 GB DDR4
DISCOS: 256 GB SSD
PANTALLA: 15,6"" HD LED
GRÁFICA: INTEL GRAPHICS
COLOR: PLATEADA";HP
195122004828        ;"LAPTOP HP RYZEN 5 - 4600H - 8GB - 256GB SSD -  3GB GTX1050 - 15,6"" HD - 15-EC1025LA";Computadoras;Laptop;Computadoras,Laptop;1;"LAPTOP HP RYZEN 5 - 4600H - 8GB - 256GB SSD -  3GB GTX1050 - 15,6"" HD - 15-EC1025LA";"NOMBRE DE PRODUCTO: 162D6LA#ABM
MARCA: HP
MODELO: 15-EC1025LA
PROCESADOR: AMD RYZEN 5 4600H
MEMORIA: 8 GB DDR4
DISCOS: 256 GB SSD
PANTALLA: 15,6"" HD 
GRÁFICA: 3GB GTX-1050 NVIDIA GEFORCE 
COLOR: NEGRA";HP
195122004873        ;"LAPTOP HP RYZEN 7 - 12GB  - 512GB SSD - 4GB GTX1650Ti - 15,6"" IPS - 15-EC1029LA";Computadoras;Laptop;Computadoras,Laptop;1;"LAPTOP HP RYZEN 7 - 12GB  - 512GB SSD - 4GB GTX1650Ti - 15,6"" IPS - 15-EC1029LA";"NOMBRE DE PRODUCTO: 162D9LA#ABM
MARCA: HP
MODELO: 15-EC1029LA
PROCESADOR: AMD RYZEN 7 4800H
MEMORIA: 12 GB DDR4
DISCOS: 512 GB SSD
PANTALLA: 15,6"" IPS LED
GRÁFICA: 4GB GTX1650ti NVIDIA GEFORCE
COLOR: NEGRA";HP
196188406656        ;"LAPTOP HP RYZEN 7 - 12GB - 256GB SSD - 15,6"" HD - TACTIL - 15-EF2081MS";Computadoras;Laptop;Computadoras,Laptop;1;"LAPTOP HP RYZEN 7 - 12GB - 256GB SSD - 15,6"" HD - TACTIL - 15-EF2081MS";"NOMBRE DE PRODUCTO: 4W2K4UA#ABA
MARCA: HP
MODELO: 15-EF2081MS
PROCESADOR: AMD RYZEN 7 5700U
MEMORIA: 12 GB DDR4
DISCOS: 256 GB SSD
PANTALLA: 15,6"" HD TACTIL
GRÁFICA: AMD RADEON
COLOR: PLATEADA";HP
196068804015        ;"LAPTOP HP RYZEN 5 - 8GB - 256GB SSD - 15,6"" FHD - 15-EF2126WM";Computadoras;Laptop;Computadoras,Laptop;1;"LAPTOP HP RYZEN 5 - 8GB - 256GB SSD - 15,6"" FHD - 15-EF2126WM";"NOMBRE DE PRODUCTO: 4J771UA
MARCA: HP
MODELO: 15-EF2126WM
PROCESADOR: AMD RYZEN 5 5500U
MEMORIA: 8 GB DDR4
DISCOS: 256 GB SSD
PANTALLA: 15,6"" FHD
GRÁFICA: AMD RADEON
COLOR: AZUL";HP
195908900429        ;"LAPTOP HP RYZEN 7 - 16GB  - 512GB SSD - 15,6"" IPS - 15-EH1021LA";Computadoras;Laptop;Computadoras,Laptop;1;"LAPTOP HP RYZEN 7 - 16GB  - 512GB SSD - 15,6"" IPS - 15-EH1021LA";"NOMBRE DE PRODUCTO: 43R78LA#ABM
MARCA: HP
MODELO: 15-EH1021LA
PROCESADOR: AMD RYZEN 7 5700U
MEMORIA: 16 GB DDR4
DISCOS: 512 GB SSD
PANTALLA: 15,6"" IPS LED
GRÁFICA: AMD RADEON
COLOR: PLATEADA";HP
195161517600        ;"LAPTOP HP CORE i3 - 4GB - 1TB HDD - 14"" HD - 240 G8";Computadoras;Laptop;Computadoras,Laptop;1;"LAPTOP HP CORE i3 - 4GB - 1TB HDD - 14"" HD - 240 G8";"NOMBRE DE PRODUCTO: H:1213
MARCA: HP
MODELO: 240 G8
PROCESADOR: INTEL CORE i3-1005G1
MEMORIA: 4 GB DDR4
DISCOS: 1000 GB HDD
PANTALLA: 14"" HD
GRÁFICA: INTEL UHD 600
COLOR: NEGRA";HP
195161517631        ;"LAPTOP HP CORE i5 - 8GB - 1TB HDD - 14"" HD - 240 G8";Computadoras;Laptop;Computadoras,Laptop;1;"LAPTOP HP CORE i5 - 8GB - 1TB HDD - 14"" HD - 240 G8";"NOMBRE DE PRODUCTO: 2K2P4LT#ABM
MARCA: HP
MODELO: 240 G8
PROCESADOR: INTEL CORE i5-1035G1
MEMORIA: 8 GB DDR4
DISCOS: 1000 GB HDD
PANTALLA: 14"" HD
GRÁFICA: INTEL UHD
COLOR: NEGRA";HP
195161518638        ;"LAPTOP HP CORE i7 - 8GB - 1TB HDD - 2GB RADEON 620 - 14"" HD - 240 G8";Computadoras;Laptop;Computadoras,Laptop;1;"LAPTOP HP CORE i7 - 8GB - 1TB HDD - 2GB RADEON 620 - 14"" HD - 240 G8";"NOMBRE DE PRODUCTO: 2K2W4LT#ABM
MARCA: HP
MODELO: 240 G8
PROCESADOR: INTEL CORE i7-1065G7
MEMORIA: 8 GB DDR4
DISCOS: 1000 GB HDD
PANTALLA: 14"" HD
GRÁFICA: 2GB RADEON 620
COLOR: NEGRA";HP
195122766856        ;"LAPTOP HP ATHLON 3050U - 4GB - 500GB HDD - 14"" HD - 245 G7";Computadoras;Laptop;Computadoras,Laptop;1;"LAPTOP HP ATHLON 3050U - 4GB - 500GB HDD - 14"" HD - 245 G7";"NOMBRE DE PRODUCTO: NT015HPQ13
MARCA: HP
MODELO: 245 G7
PROCESADOR: AMD ATHLON 3050U
MEMORIA: 4 GB DDR4
DISCOS: 500 GB HDD
PANTALLA: 14"" HD
GRÁFICA: AMD GRAPHICS
COLOR: GRIS";HP
195122001674        ;"LAPTOP HP RYZEN 3 - 4GB - 1TB HDD - 14"" HD - 245 G7";Computadoras;Laptop;Computadoras,Laptop;1;"LAPTOP HP RYZEN 3 - 4GB - 1TB HDD - 14"" HD - 245 G7";"NOMBRE DE PRODUCTO: H:1214
MARCA: HP
MODELO: 245 G7
PROCESADOR: AMD RYZEN 3 3250U
MEMORIA: 4 GB DDR4
DISCOS: 1000 GB HDD
PANTALLA: 14"" HD
GRÁFICA: AMD GRAPHICS
COLOR: NEGRA";HP
195161297076        ;"LAPTOP HP CORE i3 - 4GB - 1TB HDD - 14"" HD - 348 G7";Computadoras;Laptop;Computadoras,Laptop;1;"LAPTOP HP CORE i3 - 4GB - 1TB HDD - 14"" HD - 348 G7";"NOMBRE DE PRODUCTO: 2E4U2LT#ABM
MARCA: HP
MODELO: 348 G7
PROCESADOR: INTEL CORE i3-10110U
MEMORIA: 4 GB DDR4
DISCOS: 1000 GB HDD
PANTALLA: 14"" HD
GRÁFICA: INTEL GRAPHICS
COLOR: PLATEADA";HP
195122428761        ;"LAPTOP HP OMEN CORE i7 - 8GB - 256GB + 1TB - 6GB GTX1660Ti - 15,6"" IPS - 15-DH1070WM";Computadoras;Laptop;Computadoras,Laptop;1;"LAPTOP HP OMEN CORE i7 - 8GB - 256GB + 1TB - 6GB GTX1660Ti - 15,6"" IPS - 15-DH1070WM";"NOMBRE DE PRODUCTO: 1M9P3UA#ABA
MARCA: HP OMEN
MODELO: 15-DH1070WM
PROCESADOR: INTEL CORE i7-10750H
MEMORIA: 8 GB DDR4
DISCOS: 256 GB SSD + 1000 GB HDD
PANTALLA: 15,6"" FHD IPS LED
GRÁFICA: 6GB GTX-1660Ti NVIDIA GEFORCE
COLOR: NEGRA";HP
195042163032        ;"LAPTOP LENOVO RYZEN 5 - 8GB - 1TB HDD - 14"" HD  - 14ARE05";Computadoras;Laptop;Computadoras,Laptop;1;"LAPTOP LENOVO RYZEN 5 - 8GB - 1TB HDD - 14"" HD  - 14ARE05";"NOMBRE DE PRODUCTO: 81W3
MARCA: LENOVO
MODELO: 14ARE05 IDEAPAD 3
PROCESADOR: AMD RYZEN 5 4500U
MEMORIA: 8 GB DDR4
DISCOS: 1000 GB HDD
PANTALLA: 14"" HD TN
GRÁFICA: AMD RADEON
COLOR: AZUL";Lenovo
195235265482        ;"LAPTOP LENOVO CORE i5 - 4GB - 1TB HDD - 14"" HD - 14IIL05";Computadoras;Laptop;Computadoras,Laptop;1;"LAPTOP LENOVO CORE i5 - 4GB - 1TB HDD - 14"" HD - 14IIL05";"NOMBRE DE PRODUCTO: 81WD00HDLM
MARCA: LENOVO
MODELO: 14IIL05 IDEAPAD 3
PROCESADOR: INTEL CORE i5-1035G1
MEMORIA: 4 GB DDR4
DISCOS: 1000 GB HDD
PANTALLA: 14"" HD TN
GRÁFICA: INTEL GRAPHICS
COLOR: GRIS";Lenovo
81WA00DFLM          ;"LAPTOP LENOVO CORE i3 - 8GB - 256GB SSD + 1TB HDD - 14"" HD - 14IML05";Computadoras;Laptop;Computadoras,Laptop;1;"LAPTOP LENOVO CORE i3 - 8GB - 256GB SSD + 1TB HDD - 14"" HD - 14IML05";"NOMBRE DE PRODUCTO: 81WA00DFLM
MARCA: LENOVO
MODELO: 14IML05 IDEAPAD 3
PROCESADOR: INTEL CORE i5-1035G1
MEMORIA: 8 GB DDR4
DISCOS: 1000 GB HDD
PANTALLA: 14"" HD
GRÁFICA: INTEL GRAPHICS
COLOR: GRIS";Lenovo
195042614305        ;"LAPTOP LENOVO CORE i5 - 8GB - 256GB SSD - 15,6"" FHD - 15IIL05";Computadoras;Laptop;Computadoras,Laptop;1;"LAPTOP LENOVO CORE i5 - 8GB - 256GB SSD - 15,6"" FHD - 15IIL05";"NOMBRE DE PRODUCTO: 81WE00ENUS
MARCA: LENOVO
MODELO: 15IIL05 IDEAPAD 3
PROCESADOR: INTEL CORE i5-1035G1
MEMORIA: 8 GB DDR4
DISCOS: 256 GB SSD
PANTALLA: 15,6"" FHD
GRÁFICA: INTEL GRAPHICS
COLOR: AZUL";Lenovo
195477540095        ;"LAPTOP LENOVO CORE i3 - 8GB - 256GB - 15,6"" HD - TACTIL - 15IML05";Computadoras;Laptop;Computadoras,Laptop;1;"LAPTOP LENOVO CORE i3 - 8GB - 256GB - 15,6"" HD - TACTIL - 15IML05";"NOMBRE DE PRODUCTO: 81WR000FUS
MARCA: LENOVO
MODELO: 15IML05 IDEAPAD 3
PROCESADOR: INTEL CORE i3-10110U
MEMORIA: 8 GB DDR4
DISCOS: 256 GB SSD
PANTALLA: 15,6"" HD TN TS
GRÁFICA: INTEL GRAPHICS
COLOR: ABYSS_BLUE";Lenovo
195891876954        ;"LAPTOP LENOVO 2-EN-1 CELERON - 8GB - 128GB SSD - 10.1"" IPS - IDEAPAD D330-10IGL";Computadoras;Laptop;Computadoras,Laptop;1;"LAPTOP LENOVO 2-EN-1 CELERON - 8GB - 128GB SSD - 10.1"" IPS - IDEAPAD D330-10IGL";"NOMBRE DE PRODUCTO: 82H0001FLM
MARCA: LENOVO
MODELO: D330-10IGL 2-EN-1 IDEAPAD
PROCESADOR: INTEL CELERON N4020
MEMORIA: 8 GB DDR4
DISCOS: 128 GB SSD
PANTALLA: 10.1"" HD IPS TS
GRÁFICA: INTEL UHD GRAPHICS 600
COLOR: MINERAL_GRIS";Lenovo
194632976182        ;"LAPTOP LENOVO 2-EN-1 RYZEN 3 - 4GB - 128GB SSD - 14"" - TACTIL - FLEX 5";Computadoras;Laptop;Computadoras,Laptop;1;"LAPTOP LENOVO 2-EN-1 RYZEN 3 - 4GB - 128GB SSD - 14"" - TACTIL - FLEX 5";"NOMBRE DE PRODUCTO: 81X2000HUS
MARCA: LENOVO
MODELO: FLEX 5 / 2-EN-1
PROCESADOR: AMD RYZEN 3 4300U
MEMORIA: 4 GB DDR4
DISCOS: 128 GB SSD
PANTALLA: 14"" HD TACTIL
GRÁFICA: AMD RADEON
COLOR: GRIS GRAPHITE";Lenovo
195891643112        ;"LAPTOP LENOVO RYZEN 3 - 8GB - 2TB HDD - 15,6"" HD - RADEON - L340-15API";Computadoras;Laptop;Computadoras,Laptop;1;"LAPTOP LENOVO RYZEN 3 - 8GB - 2TB HDD - 15,6"" HD - RADEON - L340-15API";"NOMBRE DE PRODUCTO: 81LW00LBLM
MARCA: LENOVO
MODELO: L340-15API
PROCESADOR: AMD RYZEN 3 3200U
MEMORIA: 8 GB DDR4
DISCOS: 2000 GB HDD
PANTALLA: 15,6"" HD TN
GRÁFICA: AMD RADEON
COLOR: MORADO DARK";Lenovo
195891645154        ;"LAPTOP LENOVO AMD 3020E - 4GB - 500GB HDD - 14"" HD - RADEON - S145-14API";Computadoras;Laptop;Computadoras,Laptop;1;"LAPTOP LENOVO AMD 3020E - 4GB - 500GB HDD - 14"" HD - RADEON - S145-14API";"NOMBRE DE PRODUCTO: 81UV00BBLM
MARCA: LENOVO
MODELO: S145-14API
PROCESADOR: AMD 3020E
MEMORIA: 4 GB DDR4
DISCOS: 500 GB HDD
PANTALLA: 14"" HD TN
GRÁFICA: AMD RADEON
COLOR: NEGRA";Lenovo
195477263642        ;"LAPTOP LENOVO CORE i5 - 8GB - 240GB SSD - 14"" FHD - THINKPAD E14";Computadoras;Laptop;Computadoras,Laptop;1;"LAPTOP LENOVO CORE i5 - 8GB - 240GB SSD - 14"" FHD - THINKPAD E14";"NOMBRE DE PRODUCTO: 20TBS01600
MARCA: LENOVO
MODELO: THINKPAD E14
PROCESADOR: INTEL CORE i5-1135G7
MEMORIA: 8 GB DDR4
DISCOS: 240 GB SSD
PANTALLA: 14"" FHD 
GRÁFICA: INTEL IRISXe
COLOR: NEGRA";Lenovo
824142210307        ;"LAPTOP MSI CORE i5 - 8GB - 256GB SSD - 4GB GTX1650 MAX-Q - 15.6"" FHD - GF63 THIN 10SCXR-222US";Computadoras;Laptop;Computadoras,Laptop;1;"LAPTOP MSI CORE i5 - 8GB - 256GB SSD - 4GB GTX1650 MAX-Q - 15.6"" FHD - GF63 THIN 10SCXR-222US";"NOMBRE DE PRODUCTO: 10SCXR-222US
MARCA: MSI
MODELO: GF63 THIN
PROCESADOR: INTEL CORE i5-10300H
MEMORIA: 8 GB DDR4
DISCOS: 256 GB SSD
PANTALLA: 15.6"" FHD
GRÁFICA: 4GB GTX1650 MAX-Q NVIDIA GEFORCE
COLOR: NEGRA";MSI
824142248652        ;"LAPTOP MSI CORE i7 - 8GB - 512 SSD - 4GB RTX3050ti - 15,6"" FHD - SWORD 15 A11UD";Computadoras;Laptop;Computadoras,Laptop;1;"LAPTOP MSI CORE i7 - 8GB - 512 SSD - 4GB RTX3050ti - 15,6"" FHD - SWORD 15 A11UD";"NOMBRE DE PRODUCTO: 9S7-158213-001
MARCA: MSI
MODELO: SWORD 15 A11UD
PROCESADOR: INTEL CORE i7-1180H
MEMORIA: 8 GB DDR4
DISCOS: 512 GB SSD
PANTALLA: 15,6"" FHD
GRÁFICA: 4GB RTX-3050ti NVIDIA GEFORCE
COLOR: BLANCA";MSI
LAP4ED-256G         ;"LAPTOP XTRATECH CELRON - 4GB - 320GB SSD - 11.6"" - TACTIL - YOGA";Computadoras;Laptop;Computadoras,Laptop;1;"LAPTOP XTRATECH CELRON - 4GB - 320GB SSD - 11.6"" - TACTIL - YOGA";"NOMBRE DE PRODUCTO: LAP4ED-256G
MARCA: XTRATECH
MODELO: YOGA 
PROCESADOR: INTEL CELERON N3350
MEMORIA: 4 GB DDR4
DISCOS: 320 GB SSD
PANTALLA: 11.6"" TACTIL
GRÁFICA: INTEL GRAPHICS
COLOR: NEGRA";Xtratech
195908889373;"LAPTOP HP AMD 3020E - 8GB - 1TB HDD - 15,6"" - 255 G8";Computadoras;Laptop;Computadoras,Laptop;1;"LAPTOP HP AMD 3020E - 8GB - 1TB HDD - 15,6"" - 255 G8";"NOMBRE DE PRODUCTO: 43K48LT#ABM
MARCA: HP
MODELO: 255 G8
PROCESADOR: AMD 3020E
MEMORIA: 8 GB DDR4
DISCOS: 1000 GB HDD
PANTALLA: 15.6"" HD
GRÁFICA: INTEL GRAPHICS
COLOR: NEGRA";HP
195553486484;"LAPTOP ASUS CORE i5 - 8GB - 256GB SSD - 15,6"" FHD - K513EA-BQ2776";Computadoras;Laptop;Computadoras,Laptop;1;"LAPTOP ASUS CORE i5 - 8GB - 256GB SSD - 15,6"" FHD - K513EA-BQ2776";"NOMBRE DE PRODUCTO: 90NB05G1-M001V0
MARCA: ASUS 
MODELO: K513EA-BQ2776
PROCESADOR: INTEL CORE i5-1135G7
MEMORIA: 8 GB DDR4
DISCOS: 256 GB SSD
PANTALLA: 15.6"" FULL HD
GRÁFICA: INTEL GRAPHICS
COLOR: NEGRA";ASUS
195891983041;"LAPTOP LENOVO YOGA 6 RYZEN 5 - 8GB - 256GB SSD - 13,3"" IPS - RADEON - 13ALC6";Computadoras;Laptop;Computadoras,Laptop;1;"LAPTOP LENOVO YOGA 6 RYZEN 5 - 8GB - 256GB SSD - 13,3"" IPS - RADEON - 13ALC6";"NOMBRE DE PRODUCTO: 82ND0009US
MARCA: LENOVO 
MODELO: YOGA 6 13ALC6
PROCESADOR: AMD RYZEN 5 5500U
MEMORIA: 8 GB DDR4
DISCOS: 256 GB SSD
PANTALLA: 13.3"" FHD IPS
GRÁFICA: RADEON GRAPHICS
COLOR: ABYSS_BLUE";LENOVO
195553137041;"LAPTOP ASUS RYZEN 5 - 8GB - 256GB - 2GB MX450 - 14"" FHD - Q408UG-211.BL";Computadoras;Laptop;Computadoras,Laptop;1;"LAPTOP ASUS RYZEN 5 - 8GB - 256GB - 2GB MX450 - 14"" FHD - Q408UG-211.BL";"NOMBRE DE PRODUCTO: 90NB0UC1-M00520
MARCA: ASUS 
MODELO: Q408UG-211.BL
PROCESADOR: AMD RYZEN 5 5500U
MEMORIA: 8 GB DDR4
DISCOS: 256 GB SSD
PANTALLA: 14"" FHD
GRÁFICA: 2 GB MX450 NVIDIA GEFORCE
COLOR: GRIS";ASUS
195908164685;"LAPTOP HP CORE i3 - 4GB  - 256GB SSD - 14"" IPS - 14-DQ2055WM";Computadoras;Laptop;Computadoras,Laptop;1;"LAPTOP HP CORE i3 - 4GB  - 256GB SSD - 14"" IPS - 14-DQ2055WM";"NOMBRE DE PRODUCTO: 39K15UA#ABA
MARCA: HP
MODELO: 14-DQ2055WM
PROCESADOR: INTEL CORE i3-1115G4
MEMORIA: 4 GB DDR4
DISCOS: 256 GB SSD
PANTALLA: 14"" FHD IPS
GRÁFICA: INTEL UHD GRAPHICS
COLOR: PLATEADA";HP
195553212571;"LAPTOP ASUS ROG RYZEN 9 - 16GB - 1TB SSD  - 6GB RTX3060 - 15,6"" FHD - G513QM-WS96";Computadoras;Laptop;Computadoras,Laptop;1;"LAPTOP ASUS ROG RYZEN 9 - 16GB - 1TB SSD  - 6GB RTX3060 - 15,6"" FHD - G513QM-WS96";"NOMBRE DE PRODUCTO: 90NR0572-M08490
MARCA: ASUS ROG
MODELO: G513QM-WS96
PROCESADOR: AMD RYZEN 9-5900HX
MEMORIA: 16 GB DDR4
DISCOS: 1000 GB SSD
PANTALLA: 15.6"" FHD IPS
GRÁFICA: 6 GB RTX-3060 NVIDIA GEFORCE
COLOR: GRIS";ASUS
195553016728;"LAPTOP ASUS RYZEN 9 - 16GB - 1TB SSD - 8GB RTX3070  - 15,6"" WQHD 165Hz - GA503QR-211.ZG15";Computadoras;Laptop;Computadoras,Laptop;1;"LAPTOP ASUS RYZEN 9 - 16GB - 1TB SSD - 8GB RTX3070  - 15,6"" WQHD 165Hz - GA503QR-211.ZG15";"NOMBRE DE PRODUCTO: 90NR04P2-M01980
MARCA: ASUS ZEPHYRUS
MODELO: GA503QR-211.ZG15
PROCESADOR: AMD RYZEN 9-5900HS
MEMORIA: 16 GB DDR4
DISCOS: 1000 GB SSD
PANTALLA: 15.6"" WQHD 165Hz
GRÁFICA: 8 GB RTX-3070 NVIDIA GEFORCE
COLOR: GRIS";ASUS
195891998984;"LAPTOP LENOVO CORE i5 - 8GB - 256GB - 17,3"" IPS - 17ITL6";Computadoras;Laptop;Computadoras,Laptop;1;"LAPTOP LENOVO CORE i5 - 8GB - 256GB - 17,3"" IPS - 17ITL6";"NOMBRE DE PRODUCTO: 82H900E0US
MARCA: LENOVO 
MODELO: 17ITL6
PROCESADOR: INTEL CORE i5-1135G7
MEMORIA: 8 GB DDR4
DISCOS: 256 GB SSD
PANTALLA: 17.3"" FHD IPS
GRÁFICA: INTEL IRISxe
COLOR: GRIS";Lenovo
195553486422;"LAPTOP ASUS TUF CORE i9 - 16GB - 1TB SSD - 6GB RTX3060 - 15,6"" FHD WV 144Hz - F15 FX506HM-HN183";Computadoras;Laptop;Computadoras,Laptop;1;"LAPTOP ASUS TUF CORE i9 - 16GB - 1TB SSD - 6GB RTX3060 - 15,6"" FHD WV 144Hz - F15 FX506HM-HN183";"NOMBRE DE PRODUCTO: 90NR0754-MD4950
MARCA: ASUS TUF
MODELO: F15 FX506HM-HN183
PROCESADOR: INTEL CORE i9-11900H
MEMORIA: 16 GB DDR4
DISCOS: 1000 GB SSD
PANTALLA: 15.6"" FHD WV 144Hz
GRÁFICA: 6 GB RTX-3060 NVIDIA GEFORCE
COLOR: GRAPHITE_BLACK";Asus
195553234108;"LAPTOP ASUS TUF DASH CORE i7 - 16GB - 512GB SSD - 15,6"" FHD - 6GB RTX3060 - FX516PM-HN023T";Computadoras;Laptop;Computadoras,Laptop;1;"LAPTOP ASUS TUF DASH CORE i7 - 16GB - 512GB SSD - 15,6"" FHD - 6GB RTX3060 - FX516PM-HN023T";"NOMBRE DE PRODUCTO: 90NR05X1-M05560
MARCA: ASUS TUF
MODELO: DASH FX516PM-HN023T
PROCESADOR: INTEL CORE i7-11370H
MEMORIA: 16 GB DDR4
DISCOS: 512 GB SSD
PANTALLA: 15.6"" FHD WV 144Hz
GRÁFICA: 6 GB RTX-3060 NVIDIA GEFORCE
COLOR: GRIS";Asus
195553396042;"LAPTOP ASUS RYZEN 3 - 4GB - 256GB SSD - RADEON - 14"" FHD - X412DA-EB716";Computadoras;Laptop;Computadoras,Laptop;1;"LAPTOP ASUS RYZEN 3 - 4GB - 256GB SSD - RADEON - 14"" FHD - X412DA-EB716";"NOMBRE DE PRODUCTO: 90NB0M51-M10980
MARCA: ASUS
MODELO: X412DA-EB716
PROCESADOR: AMD RYZEN 3 3250U
MEMORIA: 4 GB DDR4
DISCOS: 256 GB SSD
PANTALLA: 14"" FHD WD
GRÁFICA: RADEON GRAPHICS
COLOR: SILVER";Asus
195235948354;"LAPTOP LENOVO AMD 3020E - 8GB - 1TB HDD - 14"" HD - S145-14API";Computadoras;Laptop;Computadoras,Laptop;1;"LAPTOP LENOVO AMD 3020E - 8GB - 1TB HDD - 14"" HD - S145-14API";"NOMBRE DE PRODUCTO: 81UV00AKLM
MARCA: LENOVO 
MODELO: S145-14API
PROCESADOR: AMD 3020E
MEMORIA: 8 GB DDR4
DISCOS: 1000 GB HDD
PANTALLA: 14"" HD TN
GRÁFICA: AMD RADEON 530
COLOR: GRIS";Lenovo
196068804015;"LAPTOP HP RYZEN 5 - 8GB - 256GB SSD - 15,6"" FHD - 15-EF2126WM";Computadoras;Laptop;Computadoras,Laptop;1;"LAPTOP HP RYZEN 5 - 8GB - 256GB SSD - 15,6"" FHD - 15-EF2126WM";"NOMBRE DE PRODUCTO: 4J771UA
MARCA: HP
MODELO: 15-EF2126WM
PROCESADOR: AMD RYZEN 5 5500U
MEMORIA: 8 GB DDR4
DISCOS: 256 GB SSD
PANTALLA: 15.6"" FHD
GRÁFICA: RADEON GRAPHICS
COLOR: SPRUCE BLUE";HP
884116372585;"LAPTOP DELL CORE i5 - 8GB - 256GB  SSD - 15,6"" IRISXe - 3501";Computadoras;Laptop;Computadoras,Laptop;1;"LAPTOP DELL CORE i5 - 8GB - 256GB  SSD - 15,6"" IRISXe - 3501";"NOMBRE DE PRODUCTO: 624C2
MARCA: DELL 
MODELO: 3501 INSPIRON 3000 SERIES
PROCESADOR: INTEL CORE i5-1135G7
MEMORIA: 8 GB DDR4
DISCOS: 256 GB SSD
PANTALLA: 15.6"" HD
GRÁFICA: INTEL IRISxe
COLOR: NEGRA";Dell
884116380795;"LAPTOP DELL RYZEN 5 -  8GB - 256 GB SSD - 15,6"" HD - VEGA 8 - 3505";Computadoras;Laptop;Computadoras,Laptop;1;"LAPTOP DELL RYZEN 5 -  8GB - 256 GB SSD - 15,6"" HD - VEGA 8 - 3505";"NOMBRE DE PRODUCTO: KCDT2
MARCA: DELL 
MODELO: 3505
PROCESADOR: AMD RYZEN 5 3450U
MEMORIA: 8 GB DDR4
DISCOS: 256 GB SSD
PANTALLA: 15.6"" HD
GRÁFICA: AMD VEGA 8
COLOR: GRIS";Dell
195925171321        ;"COMPUTADOR LENOVO AIO CORE i9 - 8GB - 256GB + 500GB - 23.8"" - THINKCENTRE M90A";Computadoras;AIO;Computadoras,AIO;1;"COMPUTADOR LENOVO AIO CORE i9 - 8GB - 256GB + 500GB - 23.8"" - THINKCENTRE M90A";"NOMBRE DE PRODUCTO: 11JXCTO1WW-100-LCR
MARCA: LENOVO 
MODELO: AIO THINKCENTRE M90A
PROCESADOR: INTEL CORE i9-10900
MEMORIA: 8 GB DDR4
DISCOS: 256 GB SSD + 500 GB HDD
PANTALLA: 23.8"" FHD
GRÁFICA: INTEL UHD GRAPHICS 630
COLOR: NEGRA
UNIDAD OPTICA: SuperMulti-DVD Burner
CAMARA: SI
ACCESORIOS: TECLADO + MOUSE";Lenovo
195042149050        ;"COMPUTADOR LENOVO AIO RYZEN 5 - 8GB - 1TB HDD - 23,8"" HD - RADEON - 32ARE06";Computadoras;AIO;Computadoras,AIO;1;"COMPUTADOR LENOVO AIO RYZEN 5 - 8GB - 1TB HDD - 23,8"" HD - RADEON - 32ARE06";"NOMBRE DE PRODUCTO: 11JXCTO1WW-100-LCR
MARCA: LENOVO 
MODELO: AIO 32ARE06
PROCESADOR: AMD RYZEN 5 4500U
MEMORIA: 8 GB DDR4
DISCOS: 1000 GB HDD
PANTALLA: 23.8"" HD
GRÁFICA: RADEON GRAPHICS
COLOR: GRIS
ACCESORIOS: TECLADO + MOUSE";Lenovo
6YR55AA#ABA         ;CPU HP RYZEN 3 - 8GB - 1TB HDD - VEGA 8 - DVDRW - M01-F0033W BUNDLE;Computadoras;Computadora de Escritorio;Computadoras,Computadora de Escritorio;1;CPU HP RYZEN 3 - 8GB - 1TB HDD - VEGA 8 - DVDRW - M01-F0033W BUNDLE;"NOMBRE DE PRODUCTO: 6YR55AA#ABA
MARCA: HP
MODELO: M01-F0033W BUNDLE
PROCESADOR: AMD RYZEN 3 3200G
MEMORIA: 8 GB DDR4
DISCOS: 1000 GB HDD
GRÁFICA: AMD VEGA 8
COLOR: NEGRA
ACCESORIOS: TECLADO + MOUSE";HP
M01-F1063WB-R       ;CPU HP CORE i3 - 8GB - 1TB HDD - DVDRW - M01-F1063WB;Computadoras;Computadora de Escritorio;Computadoras,Computadora de Escritorio;1;CPU HP CORE i3 - 8GB - 1TB HDD - DVDRW - M01-F1063WB;"NOMBRE DE PRODUCTO: 1K0F7AA
MARCA: HP
MODELO: M01-F1063WB-R
PROCESADOR: INTEL CORE i3 10100
MEMORIA: 8 GB DDR4
DISCOS: 1000 GB HDD
GRÁFICA: INTEL UHD GRAPHICS 630
COLOR: NEGRA
ACCESORIOS: TECLADO + MOUSE";HP
195161602689        ;CPU HP CORE i3 - 4GB - 16 OPTANE - 1TB HDD - UHD 630 - DVDRW  - PAVILION TP01-1227C;Computadoras;Computadora de Escritorio;Computadoras,Computadora de Escritorio;1;CPU HP CORE i3 - 4GB - 16 OPTANE - 1TB HDD - UHD 630 - DVDRW  - PAVILION TP01-1227C;-;HP
9EE37AA#ABA         ;CPU HP SLIM CELERON - 4GB - 1TB HDD - DVDRW - S01-PF1013W-R;Computadoras;Computadora de Escritorio;Computadoras,Computadora de Escritorio;1;CPU HP SLIM CELERON - 4GB - 1TB HDD - DVDRW - S01-PF1013W-R;-;HP
11BW0002US-R        ;CPU LENOVO NANO ATHLON - 4GB - 128GB SSD - THINKCENTRE M75N loT;Computadoras;Computadora de Escritorio;Computadoras,Computadora de Escritorio;1;CPU LENOVO NANO ATHLON - 4GB - 128GB SSD - THINKCENTRE M75N loT;-;Lenovo
840006606338        ;MOUSE CORSAIR HARPOON PRO - USB - RGB -  NEGRO - CH9301111NA;Accesorios;Mouse;Accesorios,Mouse;1;MOUSE CORSAIR HARPOON PRO - USB - RGB -  NEGRO - CH9301111NA;-;Corsair
840006623816        ;MOUSE CORSAIR KATAR PRO - WIRELESS - NEGRO - CH931C011NA;Accesorios;Mouse;Accesorios,Mouse;1;MOUSE CORSAIR KATAR PRO - WIRELESS - NEGRO - CH931C011NA;-;Corsair
840006626961        ;MOUSE CORSAIR KATAR PRO XT - USB - NEGRO - CH930C111NA;Accesorios;Mouse;Accesorios,Mouse;1;MOUSE CORSAIR KATAR PRO XT - USB - NEGRO - CH930C111NA;-;Corsair
840006610908        ;MOUSE CORSAIR M55 PRO - USB - RGB - BLANCO CH9308111;Accesorios;Mouse;Accesorios,Mouse;1;MOUSE CORSAIR M55 PRO - USB - RGB - BLANCO CH9308111;-;Corsair
840006607779        ;MOUSE CORSAIR M55 PRO - USB - RGB  - NEGRO - CH9308011;Accesorios;Mouse;Accesorios,Mouse;1;MOUSE CORSAIR M55 PRO - USB - RGB  - NEGRO - CH9308011;-;Corsair
843591078283        ;MOUSE CORSAIR M65 ELITE - USB - RGB - NEGRO - CH9309011NA;Accesorios;Mouse;Accesorios,Mouse;1;MOUSE CORSAIR M65 ELITE - USB - RGB - NEGRO - CH9309011NA;-;Corsair
091163241058        ;MOUSE GENIUS 9005BT - AZUL - BLUETOOTH 4D - TURBO SCROLL;Accesorios;Mouse;Accesorios,Mouse;1;MOUSE GENIUS 9005BT - AZUL - BLUETOOTH 4D - TURBO SCROLL;-;Genius
091163251491        ;MOUSE GENIUS DX-110 - AZUL - USB - G5 BOX;Accesorios;Mouse;Accesorios,Mouse;1;MOUSE GENIUS DX-110 - AZUL - USB - G5 BOX;-;Genius
091163251477        ;MOUSE GENIUS DX-110 - NEGRO - USB - G5 BOX;Accesorios;Mouse;Accesorios,Mouse;1;MOUSE GENIUS DX-110 - NEGRO - USB - G5 BOX;-;Genius
091163251507        ;MOUSE GENIUS DX-110 - ROJO - USB - G5 BOX;Accesorios;Mouse;Accesorios,Mouse;1;MOUSE GENIUS DX-110 - ROJO - USB - G5 BOX;-;Genius
MOUGENDX150XUBL     ;MOUSE GENIUS DX-150X - USB - AZUL - G5 BLUE;Accesorios;Mouse;Accesorios,Mouse;1;MOUSE GENIUS DX-150X - USB - AZUL - G5 BLUE;-;Genius
MOUGENDX150XUBK     ;MOUSE GENIUS DX-150X - USB - NEGRO - G5 BLACK;Accesorios;Mouse;Accesorios,Mouse;1;MOUSE GENIUS DX-150X - USB - NEGRO - G5 BLACK;-;Genius
MOUGENDX150XURD     ;MOUSE GENIUS DX-150X - USB - ROJO - G5 RED;Accesorios;Mouse;Accesorios,Mouse;1;MOUSE GENIUS DX-150X - USB - ROJO - G5 RED;-;Genius
GENMOU8100R         ;MOUSE GENIUS ECO 8100 - WIRELESS - ROJO - RECARGABLE - BLUE EYE;Accesorios;Mouse;Accesorios,Mouse;1;MOUSE GENIUS ECO 8100 - WIRELESS - ROJO - RECARGABLE - BLUE EYE;-;Genius
091163227885        ;MOUSE GENIUS MICRO TRAVELER - USB - NEGRO - RETRACTIL;Accesorios;Mouse;Accesorios,Mouse;1;MOUSE GENIUS MICRO TRAVELER - USB - NEGRO - RETRACTIL;-;Genius
091163228691        ;MOUSE GENIUS MICRO TRAVELER - USB - RUBY - RETRACTIL;Accesorios;Mouse;Accesorios,Mouse;1;MOUSE GENIUS MICRO TRAVELER - USB - RUBY - RETRACTIL;-;Genius
091163228684        ;MOUSE GENIUS MICRO TRAVELER - USB - SILVER - RETRACTIL;Accesorios;Mouse;Accesorios,Mouse;1;MOUSE GENIUS MICRO TRAVELER - USB - SILVER - RETRACTIL;-;Genius
091163228707        ;MOUSE GENIUS MICRO TRAVELER - USB - BLANCO - RETRACTIL;Accesorios;Mouse;Accesorios,Mouse;1;MOUSE GENIUS MICRO TRAVELER - USB - BLANCO - RETRACTIL;-;Genius
091163250838        ;MOUSE GENIUS NX-7000 - WIRELESS - BLANCO - BlueEye;Accesorios;Mouse;Accesorios,Mouse;1;MOUSE GENIUS NX-7000 - WIRELESS - BLANCO - BlueEye;-;Genius
091163250074        ;MOUSE GENIUS NX-7000 - WIRELESS - NEGRO - BlueEye;Accesorios;Mouse;Accesorios,Mouse;1;MOUSE GENIUS NX-7000 - WIRELESS - NEGRO - BlueEye;-;Genius
MOUGENNX7005UBL     ;MOUSE GENIUS NX-7005 - USB - AZUL;Accesorios;Mouse;Accesorios,Mouse;1;MOUSE GENIUS NX-7005 - USB - AZUL;-;Genius
091163251613        ;MOUSE GENIUS NX-7015 - WIRELESS - CARMELITA - BlueEYE;Accesorios;Mouse;Accesorios,Mouse;1;MOUSE GENIUS NX-7015 - WIRELESS - CARMELITA - BlueEYE;-;Genius
MOUGENNX7015UBW     ;MOUSE GENIUS NX-7015 - WIRELESS - CARMELITA - BlueEYE;Accesorios;Mouse;Accesorios,Mouse;1;MOUSE GENIUS NX-7015 - WIRELESS - CARMELITA - BlueEYE;-;Genius
MOUGENNX7015UCH     ;MOUSE GENIUS NX-7015 - WIRELESS - CHOCOLATE - BlueEYE;Accesorios;Mouse;Accesorios,Mouse;1;MOUSE GENIUS NX-7015 - WIRELESS - CHOCOLATE - BlueEYE;-;Genius
091163250968        ;MOUSE GENIUS NX-7015 - WIRELESS - DORADO - BlueEYE;Accesorios;Mouse;Accesorios,Mouse;1;MOUSE GENIUS NX-7015 - WIRELESS - DORADO - BlueEYE;-;Genius
091163250944        ;MOUSE GENIUS NX-7015 - WIRELESS - GRIS - BlueEYE;Accesorios;Mouse;Accesorios,Mouse;1;MOUSE GENIUS NX-7015 - WIRELESS - GRIS - BlueEYE;-;Genius
091163258698        ;MOUSE GENIUS NX-7015 - WIRELESS - ROSY BROWN - BlueEYE;Accesorios;Mouse;Accesorios,Mouse;1;MOUSE GENIUS NX-7015 - WIRELESS - ROSY BROWN - BlueEYE;-;Genius
091163256618        ;MOUSE GENIUS SPEAR PRO - USB - 8 TECLAS - SCORPION GX GAMING;Accesorios;Mouse;Accesorios,Mouse;1;MOUSE GENIUS SPEAR PRO - USB - 8 TECLAS - SCORPION GX GAMING;-;Genius
091163256601        ;MOUSE GENIUS SPEAR - USB - RGB - 6 TECLAS - SCORPION GX GAMING;Accesorios;Mouse;Accesorios,Mouse;1;MOUSE GENIUS SPEAR - USB - RGB - 6 TECLAS - SCORPION GX GAMING;-;Genius
091163251538        ;MOUSE GENIUS X-G200 - USB - NEGRO;Accesorios;Mouse;Accesorios,Mouse;1;MOUSE GENIUS X-G200 - USB - NEGRO;-;Genius
798302180031        ;MOUSE KLIPX KMO-102 - USB - NEGRO - LITEGLIDER;Accesorios;Mouse;Accesorios,Mouse;1;MOUSE KLIPX KMO-102 - USB - NEGRO - LITEGLIDER;-;Klip Xtreme
798302180550        ;MOUSE KLIPX KMO-104 - USB - NEGRO - EBONY;Accesorios;Mouse;Accesorios,Mouse;1;MOUSE KLIPX KMO-104 - USB - NEGRO - EBONY;-;Klip Xtreme
798302076266        ;MOUSE KLIPX KMO-111 - USB - GRIS SHADOW;Accesorios;Mouse;Accesorios,Mouse;1;MOUSE KLIPX KMO-111 - USB - GRIS SHADOW;-;Klip Xtreme
798302076273        ;MOUSE KLIPX KMO-113 - USB - NEGRO - RETRACTIL;Accesorios;Mouse;Accesorios,Mouse;1;MOUSE KLIPX KMO-113 - USB - NEGRO - RETRACTIL;-;Klip Xtreme
798302074934        ;MOUSE KLIPX KMO-120BK - USB - NEGRO - GALET;Accesorios;Mouse;Accesorios,Mouse;1;MOUSE KLIPX KMO-120BK - USB - NEGRO - GALET;-;Klip Xtreme
ID011KLX19          ;MOUSE KLIPX KMO-201WH - USB - BLANCO;Accesorios;Mouse;Accesorios,Mouse;1;MOUSE KLIPX KMO-201WH - USB - BLANCO;-;Klip Xtreme
798302074927        ;MOUSE KLIPX KMO-310BK - WIRELESS - NEGRO - NANO BEETLE;Accesorios;Mouse;Accesorios,Mouse;1;MOUSE KLIPX KMO-310BK - WIRELESS - NEGRO - NANO BEETLE;-;Klip Xtreme
798302079465        ;MOUSE KLIPX KMO-505 - USB - NEGRO - VERTICAL - KREST BUSINESS ;Accesorios;Mouse;Accesorios,Mouse;1;MOUSE KLIPX KMO-505 - USB - NEGRO - VERTICAL - KREST BUSINESS ;-;Klip Xtreme
798302077669        ;MOUSE KLIPX KMW-330BK - WIRELESS - NEGRO - VECTOR;Accesorios;Mouse;Accesorios,Mouse;1;MOUSE KLIPX KMW-330BK - WIRELESS - NEGRO - VECTOR;-;Klip Xtreme
798302077676        ;MOUSE KLIPX KMW-330BL - WIRELESS - AZUL  - VECTOR;Accesorios;Mouse;Accesorios,Mouse;1;MOUSE KLIPX KMW-330BL - WIRELESS - AZUL  - VECTOR;-;Klip Xtreme
798302077683        ;MOUSE KLIPX KMW-330RD - WIRELESS - ROJO - VECTOR;Accesorios;Mouse;Accesorios,Mouse;1;MOUSE KLIPX KMW-330RD - WIRELESS - ROJO - VECTOR;-;Klip Xtreme
355BK798302072169   ;MOUSE KLIPX KMW-355BK - WIRELESS - NEGRO - VORTEX;Accesorios;Mouse;Accesorios,Mouse;1;MOUSE KLIPX KMW-355BK - WIRELESS - NEGRO - VORTEX;-;Klip Xtreme
798302077928        ;MOUSE KLIPX KMW-400BL - WIRELESS - AZUL - GHOSTPUCH;Accesorios;Mouse;Accesorios,Mouse;1;MOUSE KLIPX KMW-400BL - WIRELESS - AZUL - GHOSTPUCH;-;Klip Xtreme
798302079236        ;MOUSE KLIPX KMW-500BK - WIRELESS - NEGRO - ORBIX BUSINESS ;Accesorios;Mouse;Accesorios,Mouse;1;MOUSE KLIPX KMW-500BK - WIRELESS - NEGRO - ORBIX BUSINESS ;-;Klip Xtreme
097855157546        ;MOUSE LOGITECH G203 - USB - LILA - LIGHTSYNC;Accesorios;Mouse;Accesorios,Mouse;1;MOUSE LOGITECH G203 - USB - LILA - LIGHTSYNC;-;Logitech
097855155962        ;MOUSE LOGITECH G203 - USB - AZUL - RGB - LIGHTSYNC ;Accesorios;Mouse;Accesorios,Mouse;1;MOUSE LOGITECH G203 - USB - AZUL - RGB - LIGHTSYNC ;-;Logitech
097855155955        ;MOUSE LOGITECH G203 - USB - BLANCO - LIGHTSYNC;Accesorios;Mouse;Accesorios,Mouse;1;MOUSE LOGITECH G203 - USB - BLANCO - LIGHTSYNC;-;Logitech
09785515594         ;MOUSE LOGITECH G203 - USB - NEGRO - LIGHTSYNC ;Accesorios;Mouse;Accesorios,Mouse;1;MOUSE LOGITECH G203 - USB - NEGRO - LIGHTSYNC ;-;Logitech
097855163837        ;MOUSE LOGITECH G305 - USB - BLANCO LOL-KDA - LIGHTSPEED ;Accesorios;Mouse;Accesorios,Mouse;1;MOUSE LOGITECH G305 - USB - BLANCO LOL-KDA - LIGHTSPEED ;-;Logitech
097855161536        ;MOUSE LOGITECH G305 - WIRELESS - AZUL - LIGHTSPEED ;Accesorios;Mouse;Accesorios,Mouse;1;MOUSE LOGITECH G305 - WIRELESS - AZUL - LIGHTSPEED ;-;Logitech
097855161574        ;MOUSE LOGITECH G305 - WIRELESS - LILA - LIGHTSPEED ;Accesorios;Mouse;Accesorios,Mouse;1;MOUSE LOGITECH G305 - WIRELESS - LILA - LIGHTSPEED ;-;Logitech
097855168399        ;MOUSE LOGITECH G305 - WIRELESS - MENTA - LIGHTSPEED ;Accesorios;Mouse;Accesorios,Mouse;1;MOUSE LOGITECH G305 - WIRELESS - MENTA - LIGHTSPEED ;-;Logitech
097855137708        ;MOUSE LOGITECH G305 - WIRELESS - NEGRO - LIGHTSPEED ;Accesorios;Mouse;Accesorios,Mouse;1;MOUSE LOGITECH G305 - WIRELESS - NEGRO - LIGHTSPEED ;-;Logitech
097855147745        ;MOUSE LOGITECH G403 - USB - NEGRO - HERO GAMER;Accesorios;Mouse;Accesorios,Mouse;1;MOUSE LOGITECH G403 - USB - NEGRO - HERO GAMER;-;Logitech
097855141996        ;MOUSE LOGITECH G502 - USB - NEGRO - HERO GAMING ;Accesorios;Mouse;Accesorios,Mouse;1;MOUSE LOGITECH G502 - USB - NEGRO - HERO GAMING ;-;Logitech
097855145246        ;MOUSE LOGITECH G502 - WIRELESS - RGB - LIGHTSPEED - RECARGABLE - NEGRO;Accesorios;Mouse;Accesorios,Mouse;1;MOUSE LOGITECH G502 - WIRELESS - RGB - LIGHTSPEED - RECARGABLE - NEGRO;-;Logitech
097855097132        ;MOUSE LOGITECH G600 - USB - NEGRO - PROGRAMABLE;Accesorios;Mouse;Accesorios,Mouse;1;MOUSE LOGITECH G600 - USB - NEGRO - PROGRAMABLE;-;Logitech
097855129956        ;MOUSE LOGITECH G603 - WIRELESS - NEGRO - LIGHTSPEED ;Accesorios;Mouse;Accesorios,Mouse;1;MOUSE LOGITECH G603 - WIRELESS - NEGRO - LIGHTSPEED ;-;Logitech
097855149435        ;MOUSE LOGITECH G604 - WIRELESS - NEGRO - LIGHTSPEED ;Accesorios;Mouse;Accesorios,Mouse;1;MOUSE LOGITECH G604 - WIRELESS - NEGRO - LIGHTSPEED ;-;Logitech
097855142689        ;MOUSE LOGITECH M110 - USB - AZUL - SILENT ;Accesorios;Mouse;Accesorios,Mouse;1;MOUSE LOGITECH M110 - USB - AZUL - SILENT ;-;Logitech
910-005493          ;MOUSE LOGITECH M110 - USB - NEGRO - SILENT;Accesorios;Mouse;Accesorios,Mouse;1;MOUSE LOGITECH M110 - USB - NEGRO - SILENT;-;Logitech
MOULOG910005492     ;MOUSE LOGITECH M110 - USB - ROJO - SILENT;Accesorios;Mouse;Accesorios,Mouse;1;MOUSE LOGITECH M110 - USB - ROJO - SILENT;-;Logitech
097855119209        ;MOUSE LOGITECH M170 - WIRELESS - AZUL ;Accesorios;Mouse;Accesorios,Mouse;1;MOUSE LOGITECH M170 - WIRELESS - AZUL ;-;Logitech
097855119216        ;MOUSE LOGITECH M170 - WIRELESS - ROJO ;Accesorios;Mouse;Accesorios,Mouse;1;MOUSE LOGITECH M170 - WIRELESS - ROJO ;-;Logitech
097855139252        ;MOUSE LOGITECH M187 - WIRELESS - AZUL ;Accesorios;Mouse;Accesorios,Mouse;1;MOUSE LOGITECH M187 - WIRELESS - AZUL ;-;Logitech
097855139276        ;MOUSE LOGITECH M187 - WIRELESS - ROJO  ;Accesorios;Mouse;Accesorios,Mouse;1;MOUSE LOGITECH M187 - WIRELESS - ROJO  ;-;Logitech
097855159939        ;MOUSE LOGITECH M190 - WIRELESS - NEGRO - CURVE ;Accesorios;Mouse;Accesorios,Mouse;1;MOUSE LOGITECH M190 - WIRELESS - NEGRO - CURVE ;-;Logitech
097855159953        ;MOUSE LOGITECH M190 - WIRELESS - ROJO/NEGRO - CURVE;Accesorios;Mouse;Accesorios,Mouse;1;MOUSE LOGITECH M190 - WIRELESS - ROJO/NEGRO - CURVE;-;Logitech
097855109187        ;MOUSE LOGITECH M280 - WIRELESS - AZUL;Accesorios;Mouse;Accesorios,Mouse;1;MOUSE LOGITECH M280 - WIRELESS - AZUL;-;Logitech
097855107435        ;MOUSE LOGITECH M280 - WIRELESS - NEGRO;Accesorios;Mouse;Accesorios,Mouse;1;MOUSE LOGITECH M280 - WIRELESS - NEGRO;-;Logitech
097855140470        ;MOUSE LOGTECH PRO - USB - RGB - NEGRO - GAMING;Accesorios;Mouse;Accesorios,Mouse;1;MOUSE LOGTECH PRO - USB - RGB - NEGRO - GAMING;-;Logitech
MOUMARG943          ;MOUSE MARVO G943 - USB - RGB ;Accesorios;Mouse;Accesorios,Mouse;1;MOUSE MARVO G943 - USB - RGB ;-;Marvo
MOUS5100            ;MOUSE MARVO M112 - USB - SCORPION GAMING ;Accesorios;Mouse;Accesorios,Mouse;1;MOUSE MARVO M112 - USB - SCORPION GAMING ;-;Marvo
6932391923467       ;MOUSE MARVO M115 - USB - RGB - SCORPION;Accesorios;Mouse;Accesorios,Mouse;1;MOUSE MARVO M115 - USB - RGB - SCORPION;-;Marvo
6952391918999       ;MOUSE MARVO M207 - USB - NEGRO - SCORPION;Accesorios;Mouse;Accesorios,Mouse;1;MOUSE MARVO M207 - USB - NEGRO - SCORPION;-;Marvo
MOU5500             ;MOUSE MARVO M209 - USB - 7-COLORES - SCORPION ;Accesorios;Mouse;Accesorios,Mouse;1;MOUSE MARVO M209 - USB - 7-COLORES - SCORPION ;-;Marvo
6932391906507       ;MOUSE MARVO M399 - USB - RGB BACKLIGHT - SCORPION;Accesorios;Mouse;Accesorios,Mouse;1;MOUSE MARVO M399 - USB - RGB BACKLIGHT - SCORPION;-;Marvo
MOUS5011            ;MOUSE MARVO M513 - USB - RGB - PROGRAMABLE - SCORPION;Accesorios;Mouse;Accesorios,Mouse;1;MOUSE MARVO M513 - USB - RGB - PROGRAMABLE - SCORPION;-;Marvo
MOUS6508            ;MOUSE MARVO M518 - USB - RAINBOW - PROGRAMABLE - SCORPION;Accesorios;Mouse;Accesorios,Mouse;1;MOUSE MARVO M518 - USB - RAINBOW - PROGRAMABLE - SCORPION;-;Marvo
ARTEC0011198        ;MOUSE MARVO M519 - USB - RGB - NEGRO - SCORPION;Accesorios;Mouse;Accesorios,Mouse;1;MOUSE MARVO M519 - USB - RGB - NEGRO - SCORPION;-;Marvo
6932391909089       ;MOUSE MARVO M720W - WIRELESS - SCORPION;Accesorios;Mouse;Accesorios,Mouse;1;MOUSE MARVO M720W - WIRELESS - SCORPION;-;Marvo
824142218440        ;MOUSE MSI CLUTCH GM08 - USB - NEGRO - GAMING;Accesorios;Mouse;Accesorios,Mouse;1;MOUSE MSI CLUTCH GM08 - USB - NEGRO - GAMING;-;MSI
8712581762490       ;MOUSE PHILIPS M444 - USB - ERGO - NEGRO - SPK7444;Accesorios;Mouse;Accesorios,Mouse;1;MOUSE PHILIPS M444 - USB - ERGO - NEGRO - SPK7444;-;Philips
8712581762414       ;MOUSE PHILIPS G314 - USB - NEGRO - SPK9314;Accesorios;Mouse;Accesorios,Mouse;1;MOUSE PHILIPS G314 - USB - NEGRO - SPK9314;-;Philips
798360223114        ;MOUSE PRIMUS GLADIUS 10000S - USB - RGB - GAMING ;Accesorios;Mouse;Accesorios,Mouse;1;MOUSE PRIMUS GLADIUS 10000S - USB - RGB - GAMING ;-;Primus
798361223120        ;MOUSE PRIMUS GLADIUS 16000P - USB - RGB - GAMING ;Accesorios;Mouse;Accesorios,Mouse;1;MOUSE PRIMUS GLADIUS 16000P - USB - RGB - GAMING ;-;Primus
798302224629        ;MOUSE PRIMUS GLADIUS 8200T - USB - RGB - PMO-102;Accesorios;Mouse;Accesorios,Mouse;1;MOUSE PRIMUS GLADIUS 8200T - USB - RGB - PMO-102;-;Primus
7862125251377GRIS   ;MOUSE QUASAD QM-610G - WIRELESS - GRIS ;Accesorios;Mouse;Accesorios,Mouse;1;MOUSE QUASAD QM-610G - WIRELESS - GRIS ;-;Quasad
7862125251377       ;MOUSE QUASAD QM-610G - WIRELESS - NEGRO ;Accesorios;Mouse;Accesorios,Mouse;1;MOUSE QUASAD QM-610G - WIRELESS - NEGRO ;-;Quasad
7862125251377ROJO   ;MOUSE QUASAD QM-610G - WIRELESS - ROJO ;Accesorios;Mouse;Accesorios,Mouse;1;MOUSE QUASAD QM-610G - WIRELESS - ROJO ;-;Quasad
6950376750938       ;MOUSE REDRAGON - USB - NEGRO - RGB - GRIFFIN M607 ;Accesorios;Mouse;Accesorios,Mouse;1;MOUSE REDRAGON - USB - NEGRO - RGB - GRIFFIN M607 ;-;Redragon
8713439233377       ;MOUSE TRUST SKETCH - WIRELESS - AMARILLO - SILENT ;Accesorios;Mouse;Accesorios,Mouse;1;MOUSE TRUST SKETCH - WIRELESS - AMARILLO - SILENT ;-;Trust
842243020793        ;MOUSE XPG PRIMER - USB - RGB - NEGRO ;Accesorios;Mouse;Accesorios,Mouse;1;MOUSE XPG PRIMER - USB - RGB - NEGRO ;-;XPG
ID011XTK06          ;MOUSE XTECH XTM195 - USB - NEGRO ;Accesorios;Mouse;Accesorios,Mouse;1;MOUSE XTECH XTM195 - USB - NEGRO ;-;Xtech
6931858785044       ;TECLADO GAMEMAX K207-S - USB - RGB - NEGRO;Accesorios;Teclado;Accesorios,Teclado;1;TECLADO GAMEMAX K207-S - USB - RGB - NEGRO;-;Gamemax
091163251453        ;TECLADO GENIUS K220 - USB - ILUMINADO - SCORPION GAMING;Accesorios;Teclado;Accesorios,Teclado;1;TECLADO GENIUS K220 - USB - ILUMINADO - SCORPION GAMING;-;Genius
091163254454        ;TECLADO GENIUS K8 - USB - RGB - GAMING SCORPION;Accesorios;Teclado;Accesorios,Teclado;1;TECLADO GENIUS K8 - USB - RGB - GAMING SCORPION;-;Genius
KEYGENKB101SMBK     ;TECLADO GENIUS KB-101 - USB - NEGRO;Accesorios;Teclado;Accesorios,Teclado;1;TECLADO GENIUS KB-101 - USB - NEGRO;-;Genius
091163255611        ;TECLADO GENIUS KB-102 - USB - NEGRO - MULTIMEDIA ;Accesorios;Teclado;Accesorios,Teclado;1;TECLADO GENIUS KB-102 - USB - NEGRO - MULTIMEDIA ;-;Genius
091163257349        ;TECLADO GENIUS KB-116 - USB - NEGRO - ANTIDERRAME;Accesorios;Teclado;Accesorios,Teclado;1;TECLADO GENIUS KB-116 - USB - NEGRO - ANTIDERRAME;-;Genius
091163255659        ;TECLADO GENIUS KB-118 - USB - NEGRO - CLASSIC ES;Accesorios;Teclado;Accesorios,Teclado;1;TECLADO GENIUS KB-118 - USB - NEGRO - CLASSIC ES;-;Genius
091163251422        ;TECLADO GENIUS LUXEMATE 100 MINI - USB - NEGRO;Accesorios;Teclado;Accesorios,Teclado;1;TECLADO GENIUS LUXEMATE 100 MINI - USB - NEGRO;-;Genius
091163258179        ;TECLADO GENIUS NUMPAD 110  -USB - NEGRO;Accesorios;Teclado;Accesorios,Teclado;1;TECLADO GENIUS NUMPAD 110  -USB - NEGRO;-;Genius
091163235323        ;TECLADO GENIUS NUMPAD I110 - USB - NEGRO;Accesorios;Teclado;Accesorios,Teclado;1;TECLADO GENIUS NUMPAD I110 - USB - NEGRO;-;Genius
6948391226866       ;TECLADO HP GK520 - USB - MECANICO - RGB ;Accesorios;Teclado;Accesorios,Teclado;1;TECLADO HP GK520 - USB - MECANICO - RGB ;-;HP
097855078827        ;TECLADO LOGITECH K230 - WIRELESS - NEGRO ;Accesorios;Teclado;Accesorios,Teclado;1;TECLADO LOGITECH K230 - WIRELESS - NEGRO ;-;Logitech
097855115324        ;TECLADO LOGITECH K400 PLUS - WIRELESS - NEGRO ;Accesorios;Teclado;Accesorios,Teclado;1;TECLADO LOGITECH K400 PLUS - WIRELESS - NEGRO ;-;Logitech
KEYLOG920010085     ;TECLADO LOGITECH K835 TKL - MECANICO - GRIS ;Accesorios;Teclado;Accesorios,Teclado;1;TECLADO LOGITECH K835 TKL - MECANICO - GRIS ;-;Logitech
KEYLOG920010086     ;TECLADO LOGITECH K835 TKL - MECANICO - ROJO;Accesorios;Teclado;Accesorios,Teclado;1;TECLADO LOGITECH K835 TKL - MECANICO - ROJO;-;Logitech
6932391920589       ;TECLADO MARVO K602 - USB - MEMBRANA - RAINBOW - SCORPION;Accesorios;Teclado;Accesorios,Teclado;1;TECLADO MARVO K602 - USB - MEMBRANA - RAINBOW - SCORPION;-;Marvo
6932391922286       ;TECLADO MARVO K606 - USB - MEMBRANA - RAINBOW - SCORPION;Accesorios;Teclado;Accesorios,Teclado;1;TECLADO MARVO K606 - USB - MEMBRANA - RAINBOW - SCORPION;-;Marvo
TECL5209            ;TECLADO MARVO K607 SP - USB - BACKLIGHT - ERGO - SCORPION;Accesorios;Teclado;Accesorios,Teclado;1;TECLADO MARVO K607 SP - USB - BACKLIGHT - ERGO - SCORPION;-;Marvo
KB5005              ;TECLADO MARVO K629G - USB - MEMBRANA - SCORPION;Accesorios;Teclado;Accesorios,Teclado;1;TECLADO MARVO K629G - USB - MEMBRANA - SCORPION;-;Marvo
KB5012              ;TECLADO MARVO K656 - USB - MEMBRANA - SCORPION;Accesorios;Teclado;Accesorios,Teclado;1;TECLADO MARVO K656 - USB - MEMBRANA - SCORPION;-;Marvo
038005MAVKG901      ;TECLADO MARVO KG901 - USB - RGB - SCORPION;Accesorios;Teclado;Accesorios,Teclado;1;TECLADO MARVO KG901 - USB - RGB - SCORPION;-;Marvo
KB5501              ;TECLADO MARVO KG916 - USB - MECANICO - RAINBOW - SCORPION;Accesorios;Teclado;Accesorios,Teclado;1;TECLADO MARVO KG916 - USB - MECANICO - RAINBOW - SCORPION;-;Marvo
6932391924648       ;TECLADO MARVO KG962-B - USB - MECANICO - SCORPION;Accesorios;Teclado;Accesorios,Teclado;1;TECLADO MARVO KG962-B - USB - MECANICO - SCORPION;-;Marvo
6932391924631       ;TECLADO MARVO KG962-R - USB - MECANICO - SCORPION;Accesorios;Teclado;Accesorios,Teclado;1;TECLADO MARVO KG962-R - USB - MECANICO - SCORPION;-;Marvo
6970344731677       ;TECLADO MEETION MK007 - USB - NEGRO - MECANICO - RGB;Accesorios;Teclado;Accesorios,Teclado;1;TECLADO MEETION MK007 - USB - NEGRO - MECANICO - RGB;-;Meetion
ARTEC0011070        ;TECLADO NITRON - USB - RGB - SINGLE HAND - GAMER ;Accesorios;Teclado;Accesorios,Teclado;1;TECLADO NITRON - USB - RGB - SINGLE HAND - GAMER ;-;Nitron
6950376776969       ;TECLADO REDRAGON K530 - WIRELESS - NEGRO - RGB - MECANICO  - NEGRO  DRACONIC;Accesorios;Teclado;Accesorios,Teclado;1;TECLADO REDRAGON K530 - WIRELESS - NEGRO - RGB - MECANICO  - NEGRO  DRACONIC;-;Redragon
6950376778109       ;TECLADO REDRAGON K530 - WIRELESS - BLANCO  - RGB - MECANICO - DRACONIC ;Accesorios;Teclado;Accesorios,Teclado;1;TECLADO REDRAGON K530 - WIRELESS - BLANCO  - RGB - MECANICO - DRACONIC ;-;Redragon
6950376704979       ;TECLADO REDRAGON K552W-KR - USB - BLANCO - RGB - MECANICO - KUMARA ;Accesorios;Teclado;Accesorios,Teclado;1;TECLADO REDRAGON K552W-KR - USB - BLANCO - RGB - MECANICO - KUMARA ;-;Redragon
6950376704962       ;TECLADO REDRAGON K552W-KR - USB - NEGRO - RGB - MECANICO - KUMARA ;Accesorios;Teclado;Accesorios,Teclado;1;TECLADO REDRAGON K552W-KR - USB - NEGRO - RGB - MECANICO - KUMARA ;-;Redragon
6950376778949       ;TECLADO REDRAGON K568- USB - NEGRO - RGB - MECANICO - DARK AVENGER ;Accesorios;Teclado;Accesorios,Teclado;1;TECLADO REDRAGON K568- USB - NEGRO - RGB - MECANICO - DARK AVENGER ;-;Redragon
6950376772244       ;TECLADO REDRAGON K630R - USB - BLANCO - RGB - MECANICO - DRAGONBORN ;Accesorios;Teclado;Accesorios,Teclado;1;TECLADO REDRAGON K630R - USB - BLANCO - RGB - MECANICO - DRAGONBORN ;-;Redragon
6950376772251       ;TECLADO REDRAGON K630R - USB - NEGRO - RGB - MECANICO - DRAGONBORN ;Accesorios;Teclado;Accesorios,Teclado;1;TECLADO REDRAGON K630R - USB - NEGRO - RGB - MECANICO - DRAGONBORN ;-;Redragon
4713218468758       ;TECLADO XPG INFAREX K10 - USB - RGB - MEM-CHANICAL ;Accesorios;Teclado;Accesorios,Teclado;1;TECLADO XPG INFAREX K10 - USB - RGB - MEM-CHANICAL ;-;XPG
ID222XTK03          ;TECLADO XTECH XTK160S - USB - NEGRO;Accesorios;Teclado;Accesorios,Teclado;1;TECLADO XTECH XTK160S - USB - NEGRO;-;Xtech
091163256199        ;DESKTOP KIT GENIUS KM-8200 - WIRELESS - NEGRO;Accesorios;Mouse + Teclado;Accesorios,Mouse + Teclado;1;DESKTOP KIT GENIUS KM-8200 - WIRELESS - NEGRO;-;Genius
DESKMARCM409        ;DESKTOP KIT MARVO CM-409 4-EN-1 USB - RGB;Accesorios;Mouse + Teclado;Accesorios,Mouse + Teclado;1;DESKTOP KIT MARVO CM-409 4-EN-1 USB - RGB;-;Marvo
6932391923269       ;DESKTOP KIT MARVO CM370 4-EN-1 USB - ROSADO ;Accesorios;Mouse + Teclado;Accesorios,Mouse + Teclado;1;DESKTOP KIT MARVO CM370 4-EN-1 USB - ROSADO ;-;Marvo
CO1059MT052102745   ;DESKTOP KIT MEETION C500 4-EN-1 USB - BACKLIT ;Accesorios;Mouse + Teclado;Accesorios,Mouse + Teclado;1;DESKTOP KIT MEETION C500 4-EN-1 USB - BACKLIT ;-;Meetion
7864186403061       ;DESKTOP KIT MOUSE + TECLADO ONE-HAND - NITRON 198i G506 ;Accesorios;Mouse + Teclado;Accesorios,Mouse + Teclado;1;DESKTOP KIT MOUSE + TECLADO ONE-HAND - NITRON 198i G506 ;-;Nitron
8713439231489       ;DESKTOP KIT TRUST 4-EN-1 GAMING - GXT 1080RW;Accesorios;Mouse + Teclado;Accesorios,Mouse + Teclado;1;DESKTOP KIT TRUST 4-EN-1 GAMING - GXT 1080RW;-;Trust
CH106BL             ;SILLA MARVO AZUL ERGO AJUSTABLE - CH-106BL;Gamer;Sillas;Gamer,Sillas;1;SILLA MARVO AZUL ERGO AJUSTABLE - CH-106BL;-;Marvo
20210900006         ;SILLA MARVO CAMUFLAJE ERGO AJUSTABLE - CH-106CAMO;Gamer;Sillas;Gamer,Sillas;1;SILLA MARVO CAMUFLAJE ERGO AJUSTABLE - CH-106CAMO;-;Marvo
6932391922743       ;SILLA MARVO ROSADA ERGO AJUSTABLE  - CH-106PK;Gamer;Sillas;Gamer,Sillas;1;SILLA MARVO ROSADA ERGO AJUSTABLE  - CH-106PK;-;Marvo
SILL0004            ;SILLA MARVO ROJA ERGO AJUSTABLE - CH-106RD ;Gamer;Sillas;Gamer,Sillas;1;SILLA MARVO ROJA ERGO AJUSTABLE - CH-106RD ;-;Marvo
CH1981MT052101592   ;SILLA MEETION NARANJA / NEGRA - ERGO AJUSTABLE- MT-CHR15;Gamer;Sillas;Gamer,Sillas;1;SILLA MEETION NARANJA / NEGRA - ERGO AJUSTABLE- MT-CHR15;-;Marvo
6970344732438       ;SILLA MEETION NEGRA - MT-CHR15 - ERGO AJUSTABLE;Gamer;Sillas;Gamer,Sillas;1;SILLA MEETION NEGRA - MT-CHR15 - ERGO AJUSTABLE;-;Marvo
4710562752328       ;CASE AEROCOOL AERO ONE NEGRO VIDRIO TEMPLADO;Componentes;Cases;Componentes,Cases;1;CASE AEROCOOL AERO ONE NEGRO VIDRIO TEMPLADO;-;Aerocool
4710562752434       ;CASE AEROCOOL AIRHAWK DUO NEGRO VIDRIO TEMPLADO;Componentes;Cases;Componentes,Cases;1;CASE AEROCOOL AIRHAWK DUO NEGRO VIDRIO TEMPLADO;-;Aerocool
4710562754124       ;CASE AEROCOOL GLIDER NEGRO VIDRIO TEMPLADO;Componentes;Cases;Componentes,Cases;1;CASE AEROCOOL GLIDER NEGRO VIDRIO TEMPLADO;-;Aerocool
4710562758528       ;CASE AEROCOOL QUANTUM RGB NEGRO VIDRIO TEMPLADO;Componentes;Cases;Componentes,Cases;1;CASE AEROCOOL QUANTUM RGB NEGRO VIDRIO TEMPLADO;-;Aerocool
CASE6064            ;CASE ALTEK H-11 RGB VIDRIO TEMPLADO;Componentes;Cases;Componentes,Cases;1;CASE ALTEK H-11 RGB VIDRIO TEMPLADO;-;Altek
761345800181        ;CASE ANTEC DA601 DARK AVENGER ARGB VIDRIO TEMPLADO;Componentes;Cases;Componentes,Cases;1;CASE ANTEC DA601 DARK AVENGER ARGB VIDRIO TEMPLADO;-;Antec
761345800198        ;CASE ANTEC DP501 ARGB DARK PHANTOM VIDRIO TEMPLADO;Componentes;Cases;Componentes,Cases;1;CASE ANTEC DP501 ARGB DARK PHANTOM VIDRIO TEMPLADO;-;Antec
761345800228        ;CASE ANTEC NX100 GRIS/NEGRO VIDRIO TEMPLADO;Componentes;Cases;Componentes,Cases;1;CASE ANTEC NX100 GRIS/NEGRO VIDRIO TEMPLADO;-;Antec
761345810272        ;CASE ANTEC NX200M GRIS VIDRIO TEMPLADO;Componentes;Cases;Componentes,Cases;1;CASE ANTEC NX200M GRIS VIDRIO TEMPLADO;-;Antec
761345810203        ;CASE ANTEC NX210 ARGB VIDRIO TEMPLADO;Componentes;Cases;Componentes,Cases;1;CASE ANTEC NX210 ARGB VIDRIO TEMPLADO;-;Antec
761345810234        ;CASE ANTEC NX230 ARGB TRASPARENT ;Componentes;Cases;Componentes,Cases;1;CASE ANTEC NX230 ARGB TRASPARENT ;-;Antec
761345810289        ;CASE ANTEC NX250 VIDRIO TEMPLADO;Componentes;Cases;Componentes,Cases;1;CASE ANTEC NX250 VIDRIO TEMPLADO;-;Antec
761345810296        ;CASE ANTEC NX260 ARGB VIDRIO TEMPLADO;Componentes;Cases;Componentes,Cases;1;CASE ANTEC NX260 ARGB VIDRIO TEMPLADO;-;Antec
761345810326        ;CASE ANTEC NX300 ARGB BLANCO VIDRIO TEMPLADO;Componentes;Cases;Componentes,Cases;1;CASE ANTEC NX300 ARGB BLANCO VIDRIO TEMPLADO;-;Antec
761345810302        ;CASE ANTEC NX300 ARGB NEGRO VIDRIO TEMPLADO;Componentes;Cases;Componentes,Cases;1;CASE ANTEC NX300 ARGB NEGRO VIDRIO TEMPLADO;-;Antec
761345810401        ;CASE ANTEC NX400 ARGB VIDRIO TEMPLADO;Componentes;Cases;Componentes,Cases;1;CASE ANTEC NX400 ARGB VIDRIO TEMPLADO;-;Antec
761345810609        ;CASE ANTEC NX600 ARGB VIDRIO TEMPLADO;Componentes;Cases;Componentes,Cases;1;CASE ANTEC NX600 ARGB VIDRIO TEMPLADO;-;Antec
761345810807        ;CASE ANTEC NX800 V2 ARGB VIDRIO TEMPLADO;Componentes;Cases;Componentes,Cases;1;CASE ANTEC NX800 V2 ARGB VIDRIO TEMPLADO;-;Antec
4719867041649       ;CASE AZZA CRIMSON 211G VIDRIO TEMPLADO;Componentes;Cases;Componentes,Cases;1;CASE AZZA CRIMSON 211G VIDRIO TEMPLADO;-;AZZA
4712839555328       ;CASE AZZA CSAZ-430 APOLLO VIDRIO TEMPLADO ;Componentes;Cases;Componentes,Cases;1;CASE AZZA CSAZ-430 APOLLO VIDRIO TEMPLADO ;-;AZZA
4712839551795       ;CASE AZZA CSAZ-440 ARGB ECLIPSE GAMING;Componentes;Cases;Componentes,Cases;1;CASE AZZA CSAZ-440 ARGB ECLIPSE GAMING;-;AZZA
886027015780        ;CASE BITFENIX ENSO MESH NEGRO VIDRIO TEMPLADO ;Componentes;Cases;Componentes,Cases;1;CASE BITFENIX ENSO MESH NEGRO VIDRIO TEMPLADO ;-;Bitfenix
884102044670        ;CASE COOLER MASTER H500 ARGB VIDRIO TEMPLADO;Componentes;Cases;Componentes,Cases;1;CASE COOLER MASTER H500 ARGB VIDRIO TEMPLADO;-;Cooler Master
884102067020        ;CASE COOLER MASTER K501L RGB VIDRIO TEMPLADO;Componentes;Cases;Componentes,Cases;1;CASE COOLER MASTER K501L RGB VIDRIO TEMPLADO;-;Cooler Master
884102069901        ;CASE COOLER MASTER MB320L ARGB VIDRIO TEMPLADO ;Componentes;Cases;Componentes,Cases;1;CASE COOLER MASTER MB320L ARGB VIDRIO TEMPLADO ;-;Cooler Master
884102038006        ;CASE COOLER MASTER Q300L VIDRIO TEMPLADO;Componentes;Cases;Componentes,Cases;1;CASE COOLER MASTER Q300L VIDRIO TEMPLADO;-;Cooler Master
840006609124        ;CASE CORSAIR 220T RGB NEGRO VIDRIO TEMPLADO ;Componentes;Cases;Componentes,Cases;1;CASE CORSAIR 220T RGB NEGRO VIDRIO TEMPLADO ;-;Corsair
840006621928        ;CASE CORSAIR 4000D BLANCO VIDRIO TEMPLADO ;Componentes;Cases;Componentes,Cases;1;CASE CORSAIR 4000D BLANCO VIDRIO TEMPLADO ;-;Corsair
2200019171984       ;CASE CORSAIR SPEC-04 RGB NEGRO/ROJO VIDRIO TEMPLADO;Componentes;Cases;Componentes,Cases;1;CASE CORSAIR SPEC-04 RGB NEGRO/ROJO VIDRIO TEMPLADO;-;Corsair
GENCASATXCS204      ;CASE CS204 NEGRO + FUENTE DE PODER 600W ;Componentes;Cases;Componentes,Cases;1;CASE CS204 NEGRO + FUENTE DE PODER 600W ;-;Genérico
6931858773010       ;CASE GAMEMAX A361 ARGB BLACK DIAMOND VIDRIO TEMPLADO;Componentes;Cases;Componentes,Cases;1;CASE GAMEMAX A361 ARGB BLACK DIAMOND VIDRIO TEMPLADO;-;Gamemax
6931858773140       ;CASE GAMEMAX A361 DIAMOND COC VIDRIO TEMPLADO;Componentes;Cases;Componentes,Cases;1;CASE GAMEMAX A361 DIAMOND COC VIDRIO TEMPLADO;-;Gamemax
6931858773096       ;CASE GAMEMAX BRUFEN C1 ATX COC MFG A368 ;Componentes;Cases;Componentes,Cases;1;CASE GAMEMAX BRUFEN C1 ATX COC MFG A368 ;-;Gamemax
BRUFENC3BWNE        ;CASE GAMEMAX BRUFEN C3 BW ROSADO ;Componentes;Cases;Componentes,Cases;1;CASE GAMEMAX BRUFEN C3 BW ROSADO ;-;Gamemax
6931858771221       ;CASE GAMEMAX CYCLOPS VIDRIO TEMPLADO BR - H610;Componentes;Cases;Componentes,Cases;1;CASE GAMEMAX CYCLOPS VIDRIO TEMPLADO BR - H610;-;Gamemax
6931858773041       ;CASE GAMEMAX DRACO XD A363-TA VIDRIO TEMPLADO ;Componentes;Cases;Componentes,Cases;1;CASE GAMEMAX DRACO XD A363-TA VIDRIO TEMPLADO ;-;Gamemax
6931858771658       ;CASE GAMEMAX G562 RGB VIDRIO TEMPLADO;Componentes;Cases;Componentes,Cases;1;CASE GAMEMAX G562 RGB VIDRIO TEMPLADO;-;Gamemax
6931858771146       ;CASE GAMEMAX MINI ABYSS H608 NEGRO VIDRIO TEMPLADO;Componentes;Cases;Componentes,Cases;1;CASE GAMEMAX MINI ABYSS H608 NEGRO VIDRIO TEMPLADO;-;Gamemax
6931858771184       ;CASE GAMEMAX MINI AERO H607 NEGRO VIDRIO TEMPLADO;Componentes;Cases;Componentes,Cases;1;CASE GAMEMAX MINI AERO H607 NEGRO VIDRIO TEMPLADO;-;Gamemax
6931858771153       ;CASE GAMEMAX MINI STRATOS H609 NEGRO VIDRIO TEMPLADO;Componentes;Cases;Componentes,Cases;1;CASE GAMEMAX MINI STRATOS H609 NEGRO VIDRIO TEMPLADO;-;Gamemax
6931858770910       ;CASE GAMEMAX MOONLIGHT FRGB NEGRO VIDRIO TEMPLADO;Componentes;Cases;Componentes,Cases;1;CASE GAMEMAX MOONLIGHT FRGB NEGRO VIDRIO TEMPLADO;-;Gamemax
6931858771689       ;CASE GAMEMAX NOVA N5 NEGRO VIDRIO TEMPADO;Componentes;Cases;Componentes,Cases;1;CASE GAMEMAX NOVA N5 NEGRO VIDRIO TEMPADO;-;Gamemax
6931858771696       ;CASE GAMEMAX NOVA N6 RGB NEGRO VIDRIO TEMPLADO;Componentes;Cases;Componentes,Cases;1;CASE GAMEMAX NOVA N6 RGB NEGRO VIDRIO TEMPLADO;-;Gamemax
6931858772716       ;CASE GAMEMAX PALADIN T801 NEGRO VIDRIO TEMPLADO ;Componentes;Cases;Componentes,Cases;1;CASE GAMEMAX PALADIN T801 NEGRO VIDRIO TEMPLADO ;-;Gamemax
6931858772761       ;CASE GAMEMAX PANDA T802 NEGRO VIDRIO TEMPLADO ;Componentes;Cases;Componentes,Cases;1;CASE GAMEMAX PANDA T802 NEGRO VIDRIO TEMPLADO ;-;Gamemax
6931858770361       ;CASE GAMEMAX REVOLT 3606 NEGRO VIDRIO TEMPLADO ;Componentes;Cases;Componentes,Cases;1;CASE GAMEMAX REVOLT 3606 NEGRO VIDRIO TEMPLADO ;-;Gamemax
6931858773058       ;CASE GAMEMAX ROCKSTAR 2 A365 VIDRIO TEMPLADO ;Componentes;Cases;Componentes,Cases;1;CASE GAMEMAX ROCKSTAR 2 A365 VIDRIO TEMPLADO ;-;Gamemax
6931858770767       ;CASE GAMEMAX ROCKSTAR G515 NEGRO ;Componentes;Cases;Componentes,Cases;1;CASE GAMEMAX ROCKSTAR G515 NEGRO ;-;Gamemax
6931858770774       ;CASE GAMEMAX SHINE G517 NEGRO VIDRIO TEMPLADO ;Componentes;Cases;Componentes,Cases;1;CASE GAMEMAX SHINE G517 NEGRO VIDRIO TEMPLADO ;-;Gamemax
6931858772792       ;CASE GAMEMAX T806 CONTAC ROJO/NEGRO ;Componentes;Cases;Componentes,Cases;1;CASE GAMEMAX T806 CONTAC ROJO/NEGRO ;-;Gamemax
6931858772808       ;CASE GAMEMAX T806 CONTAC ROSADO/BLANCO ;Componentes;Cases;Componentes,Cases;1;CASE GAMEMAX T806 CONTAC ROSADO/BLANCO ;-;Gamemax
038012GAMG510BK     ;CASE GAMEMAX OPTICAL G510 RGB NEGRO;Componentes;Cases;Componentes,Cases;1;CASE GAMEMAX OPTICAL G510 RGB NEGRO;-;Gamemax
813567026655        ;CASE GIGABYTE C200G RGB VIDRIO TEMPLADO ;Componentes;Cases;Componentes,Cases;1;CASE GIGABYTE C200G RGB VIDRIO TEMPLADO ;-;Gigabyte
CASQUAGMFEARLESS    ;CASE QUASAD FEARLESS E-SPORT NEGRO RGB ;Componentes;Cases;Componentes,Cases;1;CASE QUASAD FEARLESS E-SPORT NEGRO RGB ;-;Quasad
CASQUAGMRAGER       ;CASE QUASAD RAGER NEGRO RGB ;Componentes;Cases;Componentes,Cases;1;CASE QUASAD RAGER NEGRO RGB ;-;Quasad
SPECASATXSMCSGR08   ;CASE SPEEDMIND CSGR08 ROJO VIDRIO TEMPLADO;Componentes;Cases;Componentes,Cases;1;CASE SPEEDMIND CSGR08 ROJO VIDRIO TEMPLADO;-;Speedmind
SPECASATXFG05B      ;CASE SPEEDMIND FG-05B NEGRO VIDRIO ;Componentes;Cases;Componentes,Cases;1;CASE SPEEDMIND FG-05B NEGRO VIDRIO ;-;Speedmind
102180800033        ;CASE SPEEDMIND SMCSGA08 AZUL VIDRIO TEMPLADO ;Componentes;Cases;Componentes,Cases;1;CASE SPEEDMIND SMCSGA08 AZUL VIDRIO TEMPLADO ;-;Speedmind
4713621525871       ;CASE SPEEDMIND SMCSRGB09 RGB VIDRIO TEMPLADO ;Componentes;Cases;Componentes,Cases;1;CASE SPEEDMIND SMCSRGB09 RGB VIDRIO TEMPLADO ;-;Speedmind
CS000ADT23          ;CASE XPG DEFENDER PRO BLANCO MID TOWER;Componentes;Cases;Componentes,Cases;1;CASE XPG DEFENDER PRO BLANCO MID TOWER;-;XPG
CS000ADT24          ;CASE XPG DEFENDER PRO MID TOWER NEGRO ;Componentes;Cases;Componentes,Cases;1;CASE XPG DEFENDER PRO MID TOWER NEGRO ;-;XPG
842243019292        ;CASE XPG INVADER BRUSH ALUMINIUM BLANCO ;Componentes;Cases;Componentes,Cases;1;CASE XPG INVADER BRUSH ALUMINIUM BLANCO ;-;XPG
842243019285        ;CASE XPG INVADER BRUSH ALUMINIUM NEGRO ;Componentes;Cases;Componentes,Cases;1;CASE XPG INVADER BRUSH ALUMINIUM NEGRO ;-;XPG
CS000ADT11          ;CASE XPG STARKER NEGRO ADATA MID TOWER;Componentes;Cases;Componentes,Cases;1;CASE XPG STARKER NEGRO ADATA MID TOWER;-;XPG
4710483931499       ;MAINBOARD ASROCK B550 PHANTOM AM4 RYZEN;Componentes;Mainboard;Componentes,Mainboard;1;MAINBOARD ASROCK B550 PHANTOM AM4 RYZEN;-;Asrock
889349672068        ;MAINBOARD ASUS A320M-K PRIME AM4 RYZEN;Componentes;Mainboard;Componentes,Mainboard;1;MAINBOARD ASUS A320M-K PRIME AM4 RYZEN;-;Asus
192876716106        ;MAINBOARD ASUS B460M-A PRIME LGA1200;Componentes;Mainboard;Componentes,Mainboard;1;MAINBOARD ASUS B460M-A PRIME LGA1200;-;Asus
192876713693        ;MAINBOARD ASUS B460M-PLUS WiFi LGA1200;Componentes;Mainboard;Componentes,Mainboard;1;MAINBOARD ASUS B460M-PLUS WiFi LGA1200;-;Asus
192876758298        ;MAINBOARD ASUS B550M-K PRIME AM4 RYZEN;Componentes;Mainboard;Componentes,Mainboard;1;MAINBOARD ASUS B550M-K PRIME AM4 RYZEN;-;Asus
195553130370        ;MAINBOARD ASUS B560M-A PRIME LGA1200;Componentes;Mainboard;Componentes,Mainboard;1;MAINBOARD ASUS B560M-A PRIME LGA1200;-;Asus
889523011904        ;MAINBOARD GIGABYTE A320M-S2H AM4 RYZEN;Componentes;Mainboard;Componentes,Mainboard;1;MAINBOARD GIGABYTE A320M-S2H AM4 RYZEN;-;Gigabyte
889523023501        ;MAINBOARD GIGABYTE A520M H AM4 RYZEN;Componentes;Mainboard;Componentes,Mainboard;1;MAINBOARD GIGABYTE A520M H AM4 RYZEN;-;Gigabyte
889523024393        ;MAINBOARD GIGABYTE B450M DS3H V2 AM4 RYZEN;Componentes;Mainboard;Componentes,Mainboard;1;MAINBOARD GIGABYTE B450M DS3H V2 AM4 RYZEN;-;Gigabyte
889523024041        ;MAINBOARD GIGABYTE B550 AORUS PRO AX AM4 RYZEN;Componentes;Mainboard;Componentes,Mainboard;1;MAINBOARD GIGABYTE B550 AORUS PRO AX AM4 RYZEN;-;Gigabyte
889523024089        ;MAINBOARD GIGABYTE B550 AORUS PRO V2 AM4 RYZEN;Componentes;Mainboard;Componentes,Mainboard;1;MAINBOARD GIGABYTE B550 AORUS PRO V2 AM4 RYZEN;-;Gigabyte
889523024416        ;MAINBOARD GIGABYTE B550M DS3H AC AM4 RYZEN;Componentes;Mainboard;Componentes,Mainboard;1;MAINBOARD GIGABYTE B550M DS3H AC AM4 RYZEN;-;Gigabyte
889523027011        ;MAINBOARD GIGABYTE B560M DS3H LGA1200;Componentes;Mainboard;Componentes,Mainboard;1;MAINBOARD GIGABYTE B560M DS3H LGA1200;-;Gigabyte
B560MDS3HV2         ;MAINBOARD GIGABYTE B560M DS3H V2 LGA1200;Componentes;Mainboard;Componentes,Mainboard;1;MAINBOARD GIGABYTE B560M DS3H V2 LGA1200;-;Gigabyte
889523021033        ;MAINBOARD GIGABYTE H310M M.2 2.0 LGA1151;Componentes;Mainboard;Componentes,Mainboard;1;MAINBOARD GIGABYTE H310M M.2 2.0 LGA1151;-;Gigabyte
889523018088        ;MAINBOARD GIGABYTE X570 AORUS PRO WIFI AM4 RYZEN;Componentes;Mainboard;Componentes,Mainboard;1;MAINBOARD GIGABYTE X570 AORUS PRO WIFI AM4 RYZEN;-;Gigabyte
889523019023        ;MAINBOARD GIGABYTE X570 UD AM4 RYZEN;Componentes;Mainboard;Componentes,Mainboard;1;MAINBOARD GIGABYTE X570 UD AM4 RYZEN;-;Gigabyte
889523026557        ;MAINBOARD GYGBYTE H510M S2H S1200;Componentes;Mainboard;Componentes,Mainboard;1;MAINBOARD GYGBYTE H510M S2H S1200;-;Gigabyte
730143309936        ;PROCESADOR AMD RYZEN 5 3600 3,6GHz;Componentes;Procesador;Componentes,Procesador;1;PROCESADOR AMD RYZEN 5 3600 3,6GHz;-;AMD
PROAMD100000143     ;PROCESADOR AMD RYZEN 5 4650G 3.7GHz;Componentes;Procesador;Componentes,Procesador;1;PROCESADOR AMD RYZEN 5 4650G 3.7GHz;-;AMD
730143313414        ;PROCESADOR AMD RYZEN 5 5600G 3.9GHz;Componentes;Procesador;Componentes,Procesador;1;PROCESADOR AMD RYZEN 5 5600G 3.9GHz;-;AMD
PROAMD100000145     ;PROCESADOR AMD RYZEN 7 PRO 4750G 3.6GHz;Componentes;Procesador;Componentes,Procesador;1;PROCESADOR AMD RYZEN 7 PRO 4750G 3.6GHz;-;AMD
730143312738        ;PROCESADOR AMD RYZEN 9 5900X 3.7GHz;Componentes;Procesador;Componentes,Procesador;1;PROCESADOR AMD RYZEN 9 5900X 3.7GHz;-;AMD
SD2650JAHMBOX       ;PROCESADOR AMD SEMPROM 2650 1,45GHz AM1;Componentes;Procesador;Componentes,Procesador;1;PROCESADOR AMD SEMPROM 2650 1,45GHz AM1;-;AMD
735858452199        ;PROCESADOR INTEL CORE i3-10100F LGA1200 3,6GHz;Componentes;Procesador;Componentes,Procesador;1;PROCESADOR INTEL CORE i3-10100F LGA1200 3,6GHz;-;INTEL
735858477239        ;PROCESADOR INTEL CORE I5-1140 LGA1200 +4,20GHz;Componentes;Procesador;Componentes,Procesador;1;PROCESADOR INTEL CORE I5-1140 LGA1200 +4,20GHz;-;INTEL
735858478120        ;PROCESADOR INTEL CORE I5-11400F LGA1200 2.6GHz;Componentes;Procesador;Componentes,Procesador;1;PROCESADOR INTEL CORE I5-11400F LGA1200 2.6GHz;-;INTEL
735858407823        ;PROCESADOR INTEL CORE i9-9900KF LGA1151 3,60GHz;Componentes;Procesador;Componentes,Procesador;1;PROCESADOR INTEL CORE i9-9900KF LGA1151 3,60GHz;-;INTEL
ARTEC0008976        ;PROCESADOR INTEL CORE™ i7-6800K LGA2011-3 3.60 GHz;Componentes;Procesador;Componentes,Procesador;1;PROCESADOR INTEL CORE™ i7-6800K LGA2011-3 3.60 GHz;-;INTEL
PROINTCI711700K     ;PROCESADOR INTEL i7-11700K LGA1200 3.60GHz;Componentes;Procesador;Componentes,Procesador;1;PROCESADOR INTEL i7-11700K LGA1200 3.60GHz;-;INTEL
MEMPEK1J018GAH      ;MEMORIA INTEL OPTANE 16GB Nvme M.2;Componentes;Optane;Componentes,Optane;1;MEMORIA INTEL OPTANE 16GB Nvme M.2;-;INTEL
4710273773940       ;MEMORIA ADATA 4 GB DDR3L 1600MHz PC3-12800 UDIMM;Componentes;Memoria RAM;Componentes,Memoria RAM;1;MEMORIA ADATA 4 GB DDR3L 1600MHz PC3-12800 UDIMM;-;ADATA
4711085931474       ;MEMORIA ADATA 4GB DDR4 PC-2666 SODIMM;Componentes;Memoria RAM;Componentes,Memoria RAM;1;MEMORIA ADATA 4GB DDR4 PC-2666 SODIMM;-;ADATA
843591077194        ;MEMORIA CORSAIR 8GB DDR4 2666MHz VENGEANCE SODIMM;Componentes;Memoria RAM;Componentes,Memoria RAM;1;MEMORIA CORSAIR 8GB DDR4 2666MHz VENGEANCE SODIMM;-;Corsair
649528824462;MEMORIA CRUCIAL BALLISTIX 16GB DDR4 3200MHz SODIMM;Componentes;Memoria RAM;Componentes,Memoria RAM;1;MEMORIA CRUCIAL BALLISTIX 16GB DDR4 3200MHz SODIMM;-;Crucial
840006629658        ;MEMORIA CORSAIR 8GB DDR4 3600MHz VENGEANCE RGB PRO UDIMM;Componentes;Memoria RAM;Componentes,Memoria RAM;1;MEMORIA CORSAIR 8GB DDR4 3600MHz VENGEANCE RGB PRO UDIMM;-;Corsair
649528900456        ;MEMORIA CRUCIAL 4GB DDR4 2666MHz SODIMM;Componentes;Memoria RAM;Componentes,Memoria RAM;1;MEMORIA CRUCIAL 4GB DDR4 2666MHz SODIMM;-;Crucial
841517051433        ;MEMORIA GEIL ORION 8GB DDR4 3600MHz RGB UDIMM;Componentes;Memoria RAM;Componentes,Memoria RAM;1;MEMORIA GEIL ORION 8GB DDR4 3600MHz RGB UDIMM;-;Geil Orion
841517051648        ;MEMORIA GEIL ORION 8GB DDR4 3600GHz RGB PC4-28800 UDIMM;Componentes;Memoria RAM;Componentes,Memoria RAM;1;MEMORIA GEIL ORION 8GB DDR4 3600GHz RGB PC4-28800 UDIMM;-;Geil Orion
193905242795        ;MEMORIA HP 8GB V8 DDR4 3000MHz RGB HYPER UDIMM;Componentes;Memoria RAM;Componentes,Memoria RAM;1;MEMORIA HP 8GB V8 DDR4 3000MHz RGB HYPER UDIMM;-;HP
KCP426SS816         ;MEMORIA KINGSTON 16GB DDR4 2666MHz PC4-21300 SODIMM;Componentes;Memoria RAM;Componentes,Memoria RAM;1;MEMORIA KINGSTON 16GB DDR4 2666MHz PC4-21300 SODIMM;-;Kingston
740617318579        ;MEMORIA KINGSTON 16GB DDR4 2666Mhz FURY SODIMM;Componentes;Memoria RAM;Componentes,Memoria RAM;1;MEMORIA KINGSTON 16GB DDR4 2666Mhz FURY SODIMM;-;Kingston
740617296532        ;MEMORIA KINGSTON 8GB DDR4 3000MHz HYPER BLACK UDIMM;Componentes;Memoria RAM;Componentes,Memoria RAM;1;MEMORIA KINGSTON 8GB DDR4 3000MHz HYPER BLACK UDIMM;-;Kingston
740617319910        ;MEMORIA KINGSTON 8GB DDR4 3200MHz HYPER FURY BEAST UDIMM;Componentes;Memoria RAM;Componentes,Memoria RAM;1;MEMORIA KINGSTON 8GB DDR4 3200MHz HYPER FURY BEAST UDIMM;-;Kingston
740617318449        ;MEMORIA KINGSTON 8GB DDR4 3200Mhz FURY IMPACT PC4-25600 SODIMM;Componentes;Memoria RAM;Componentes,Memoria RAM;1;MEMORIA KINGSTON 8GB DDR4 3200Mhz FURY IMPACT PC4-25600 SODIMM;-;Kingston
740617280630        ;MEMORIA KINGSTON 8GB DDR4 2666MHz SODIMM;Componentes;Memoria RAM;Componentes,Memoria RAM;1;MEMORIA KINGSTON 8GB DDR4 2666MHz SODIMM;-;Kingston
ARTEC0011101        ;MEMORIA KINGSTON 8GB DDR3L PC3L-12800 SODIMM;Componentes;Memoria RAM;Componentes,Memoria RAM;1;MEMORIA KINGSTON 8GB DDR3L PC3L-12800 SODIMM;-;Kingston
740617296327        ;MEMORIA KINGSTON 8GB DDR4 3200MHz RGB BLACK HYPER UDIMM;Componentes;Memoria RAM;Componentes,Memoria RAM;1;MEMORIA KINGSTON 8GB DDR4 3200MHz RGB BLACK HYPER UDIMM;-;Kingston
846651029119        ;MEMORIA MUSHKIN 8GB DDR4 PC4-3200 SODIMM;Componentes;Memoria RAM;Componentes,Memoria RAM;1;MEMORIA MUSHKIN 8GB DDR4 PC4-3200 SODIMM;-;Mushkin
740617283884        ;MEMORIA PREDATOR 8GB DDR4 3200MHz RGB HYPERX UDIMM;Componentes;Memoria RAM;Componentes,Memoria RAM;1;MEMORIA PREDATOR 8GB DDR4 3200MHz RGB HYPERX UDIMM;-;Predator
765441653177        ;MEMORIA T-FORCE 8GB DDR4 3200MHz ZEUS UDIMM;Componentes;Memoria RAM;Componentes,Memoria RAM;1;MEMORIA T-FORCE 8GB DDR4 3200MHz ZEUS UDIMM;-;T-Force
4712847098701       ;MEMORIA XLR8 8GB DDR4 3200MHz HYPER PC4-25600 UDIMM;Componentes;Memoria RAM;Componentes,Memoria RAM;1;MEMORIA XLR8 8GB DDR4 3200MHz HYPER PC4-25600 UDIMM;-;XRL
4711085931900       ;MEMORIA XPG 16GB DDR4 3200MHz RGB HUNTER PC4-25600 UDIMM;Componentes;Memoria RAM;Componentes,Memoria RAM;1;MEMORIA XPG 16GB DDR4 3200MHz RGB HUNTER PC4-25600 UDIMM;-;XPG
4711085931276       ;MEMORIA XPG 16GB DDR4 3200MHz RGB D50 PC4-25600 UDIMM;Componentes;Memoria RAM;Componentes,Memoria RAM;1;MEMORIA XPG 16GB DDR4 3200MHz RGB D50 PC4-25600 UDIMM;-;XPG
4711085931054       ;MEMORIA XPG 8GB DDR4 3200MHz RGB D50 PC4-25600 GRIS UDIMM;Componentes;Memoria RAM;Componentes,Memoria RAM;1;MEMORIA XPG 8GB DDR4 3200MHz RGB D50 PC4-25600 GRIS UDIMM;-;XPG
4711085931023       ;MEMORIA XPG 8GB DDR4 3200MHz RGB D50 PC4-25600 BLANCA UDIMM;Componentes;Memoria RAM;Componentes,Memoria RAM;1;MEMORIA XPG 8GB DDR4 3200MHz RGB D50 PC4-25600 BLANCA UDIMM;-;XPG
4710273772899       ;MEMORIA XPG 8GB DDR4 3000MHz RGB D60G PC4-24000 UDIMM;Componentes;Memoria RAM;Componentes,Memoria RAM;1;MEMORIA XPG 8GB DDR4 3000MHz RGB D60G PC4-24000 UDIMM;-;XPG
4713218469175       ;DISCO SOLIDO ADATA 240GB SU630 VERDE SATA 2.5;Componentes;Almacenamiento;Componentes,Almacenamiento;1;DISCO SOLIDO ADATA 240GB SU630 VERDE SATA 2.5;-;ADATA
4710273771106       ;DISCO SOLIDO XPG 256GB RGB M.2 2280 SPECTRIX S40G 3D NANO PCIe Gen3x4;Componentes;Almacenamiento;Componentes,Almacenamiento;1;DISCO SOLIDO XPG 256GB RGB M.2 2280 SPECTRIX S40G 3D NANO PCIe Gen3x4;-;XPG
889523014264        ;DISCO SOLIDO GIGABYTE 120GB SSD SATA3 NAND FLASH;Componentes;Almacenamiento;Componentes,Almacenamiento;1;DISCO SOLIDO GIGABYTE 120GB SSD SATA3 NAND FLASH;-;Gigabyte
889523014271        ;DISCO SOLIDO GIGABYTE 240GB SSD SATA3 NAND FLASH;Componentes;Almacenamiento;Componentes,Almacenamiento;1;DISCO SOLIDO GIGABYTE 240GB SSD SATA3 NAND FLASH;-;Gigabyte
889523019351        ;DISCO SOLIDO GIGABYTE 256GB M.2 2280 NVMe;Componentes;Almacenamiento;Componentes,Almacenamiento;1;DISCO SOLIDO GIGABYTE 256GB M.2 2280 NVMe;-;Gigabyte
193015326439        ;"DISCO SOLIDO HP 250GB S700 2.5"" SSD";Componentes;Almacenamiento;Componentes,Almacenamiento;1;"DISCO SOLIDO HP 250GB S700 2.5"" SSD";-;HP
193015182691        ;DISCO SOLIDO HP 250GB SSD M.2 EX900;Componentes;Almacenamiento;Componentes,Almacenamiento;1;DISCO SOLIDO HP 250GB SSD M.2 EX900;-;HP
740617316681        ;DISCO SOLIDO KINGSTON 1TB M.2 SSD NV1;Componentes;Almacenamiento;Componentes,Almacenamiento;1;DISCO SOLIDO KINGSTON 1TB M.2 SSD NV1;-;Kingston
740617261219        ;DISCO SOLIDO KINGSTON 240GB SSD A400 SATA3;Componentes;Almacenamiento;Componentes,Almacenamiento;1;DISCO SOLIDO KINGSTON 240GB SSD A400 SATA3;-;Kingston
740617323047        ;DISCO SOLIDO KINGSTON 250GB M.2 NV1 SSD;Componentes;Almacenamiento;Componentes,Almacenamiento;1;DISCO SOLIDO KINGSTON 250GB M.2 NV1 SSD;-;Kingston
740617277357        ;DISCO SOLIDO KINGSTON 960GB SSD A400 SATA3;Componentes;Almacenamiento;Componentes,Almacenamiento;1;DISCO SOLIDO KINGSTON 960GB SSD A400 SATA3;-;Kingston
ST1000LM048         ;"DISCO DURO SEAGATE 1TB 2.5"" BARRACUDA INTERNO";Componentes;Almacenamiento;Componentes,Almacenamiento;1;"DISCO DURO SEAGATE 1TB 2.5"" BARRACUDA INTERNO";-;Seagate
DH961SEA45          ;"DISCO DURO SEAGATE 2TB  3.5"" SKYHAWK INTERNO";Componentes;Almacenamiento;Componentes,Almacenamiento;1;"DISCO DURO SEAGATE 2TB  3.5"" SKYHAWK INTERNO";-;Seagate
765441050372        ;"DISCO SOLIDO T-FORCE 500GB SSD TUF RGB DELTA SATA3 2.5""";Componentes;Almacenamiento;Componentes,Almacenamiento;1;"DISCO SOLIDO T-FORCE 500GB SSD TUF RGB DELTA SATA3 2.5""";-;T-Force
718037856322        ;DISCO SOLIDO WD 1TB M.2 SSD BLUE 2280;Componentes;Almacenamiento;Componentes,Almacenamiento;1;DISCO SOLIDO WD 1TB M.2 SSD BLUE 2280;-;Western Digital
WD40PURZ            ;"DISCO DURO WD 4TB 3.5"" PURPURA INTERNO";Componentes;Almacenamiento;Componentes,Almacenamiento;1;"DISCO DURO WD 4TB 3.5"" PURPURA INTERNO";-;Western Digital
718037883878        ;DISCO SOLIDO WD 500GB M.2 2280 SN570 NVMe;Componentes;Almacenamiento;Componentes,Almacenamiento;1;DISCO SOLIDO WD 500GB M.2 2280 SN570 NVMe;-;Western Digital
712345670001        ;"DISCO DURO WD 1TB 3.5"" SATA INTERNO";Componentes;Almacenamiento;Componentes,Almacenamiento;1;"DISCO DURO WD 1TB 3.5"" SATA INTERNO";-;Western Digital
4713218469274       ;DISCO SOLIDO XPG 1TB M.2 SSD 2280 NVMe;Componentes;Almacenamiento;Componentes,Almacenamiento;1;DISCO SOLIDO XPG 1TB M.2 SSD 2280 NVMe;-;XPG
4710273770727       ;DISCO DURO XPG 256GB M.2 SSD SX6000 LITE 2280 NVMe;Componentes;Almacenamiento;Componentes,Almacenamiento;1;DISCO DURO XPG 256GB M.2 SSD SX6000 LITE 2280 NVMe;-;XPG
4710562758979       ;COOLER AEROCOOL CYLON ARGB 4FAN;Componentes;Enfriamiento;Componentes,Enfriamiento;1;COOLER AEROCOOL CYLON ARGB 4FAN;-;Aerocool
4710562757958       ;COOLER AEROCOOL MIRAGE L360 ARGB NEGRO;Componentes;Enfriamiento;Componentes,Enfriamiento;1;COOLER AEROCOOL MIRAGE L360 ARGB NEGRO;-;Aerocool
192876745205        ;COOLER ASUS LC 240 RGB TUF LIQUIDO;Componentes;Enfriamiento;Componentes,Enfriamiento;1;COOLER ASUS LC 240 RGB TUF LIQUIDO;-;Asus
840006616672        ;COOLER CORSAIR iCUE H100i RGB PRO XT DUAL 2FAN;Componentes;Enfriamiento;Componentes,Enfriamiento;1;COOLER CORSAIR iCUE H100i RGB PRO XT DUAL 2FAN;-;Corsair
840006624868        ;COOLER CORSAIR iCUE H60i PRO XT LIQUIDO;Componentes;Enfriamiento;Componentes,Enfriamiento;1;COOLER CORSAIR iCUE H60i PRO XT LIQUIDO;-;Corsair
6931858779784       ;COOLER GAMEMAX GAMMA 200 RGB;Componentes;Enfriamiento;Componentes,Enfriamiento;1;COOLER GAMEMAX GAMMA 200 RGB;-;Gamemax
6931858790635       ;COOLER GAMEMAX GAMMA 500 LED AMD;Componentes;Enfriamiento;Componentes,Enfriamiento;1;COOLER GAMEMAX GAMMA 500 LED AMD;-;Gamemax
6931858790772       ;COOLER GAMEMAX ICEBERG 240 RGB LIQUIDO;Componentes;Enfriamiento;Componentes,Enfriamiento;1;COOLER GAMEMAX ICEBERG 240 RGB LIQUIDO;-;Gamemax
6931858790789       ;COOLER GAMEMAX ICEBERG 360 RGB LIQUIDO;Componentes;Enfriamiento;Componentes,Enfriamiento;1;COOLER GAMEMAX ICEBERG 360 RGB LIQUIDO;-;Gamemax
6931858791441       ;COOLER GAMEMAX ICECHILL 120 ARGB RAINBOW LIQUIDO;Componentes;Enfriamiento;Componentes,Enfriamiento;1;COOLER GAMEMAX ICECHILL 120 ARGB RAINBOW LIQUIDO;-;Gamemax
6931858791434       ;COOLER GAMEMAX ICECHILL 240 ARGB RAINBOW LIQUIDO;Componentes;Enfriamiento;Componentes,Enfriamiento;1;COOLER GAMEMAX ICECHILL 240 ARGB RAINBOW LIQUIDO;-;Gamemax
824142205686        ;COOLER MSI 360R RGB MYSTIC LIGHT LIQUIDO;Componentes;Enfriamiento;Componentes,Enfriamiento;1;COOLER MSI 360R RGB MYSTIC LIGHT LIQUIDO;-;MSI
842243019254        ;COOLER XPG LEVANTE 240 RGB LGA1200 LIQUIDO;Componentes;Enfriamiento;Componentes,Enfriamiento;1;COOLER XPG LEVANTE 240 RGB LGA1200 LIQUIDO;-;XPG
038014010MAVFN14RGB ;COOLING PAD MARVO FN-14 RGB LED;Componentes;Enfriamiento;Componentes,Enfriamiento;1;COOLING PAD MARVO FN-14 RGB LED;-;MARVO
884102048661        ;VENTILADOR COOLER MASTER HYPER 212 RGB INTEL-AMD;Componentes;Enfriamiento;Componentes,Enfriamiento;1;VENTILADOR COOLER MASTER HYPER 212 RGB INTEL-AMD;-;Cooler Master
6931858791038       ;VENTILADOR GAMEMAX GMX-12-RBB RGB;Componentes;Enfriamiento;Componentes,Enfriamiento;1;VENTILADOR GAMEMAX GMX-12-RBB RGB;-;Gamemax
6931858791076       ;VENTILADOR GAMEMAX GMX-AF12X FRGB;Componentes;Enfriamiento;Componentes,Enfriamiento;1;VENTILADOR GAMEMAX GMX-AF12X FRGB;-;Gamemax
5055492400703       ;VENTILADOR GAMEMAX GMX-WFBK-BK 12CM NEGRO;Componentes;Enfriamiento;Componentes,Enfriamiento;1;VENTILADOR GAMEMAX GMX-WFBK-BK 12CM NEGRO;-;Gamemax
6931858791052       ;VENTILADOR GAMEMAX RB300 3-EN-1 RGB;Componentes;Enfriamiento;Componentes,Enfriamiento;1;VENTILADOR GAMEMAX RB300 3-EN-1 RGB;-;Gamemax
6931858790956       ;VENTILADOR GAMEMAX RL300  4FAN RGB;Componentes;Enfriamiento;Componentes,Enfriamiento;1;VENTILADOR GAMEMAX RL300  4FAN RGB;-;Gamemax
6931858791106       ;VENTILADOR GAMEMAX RQ300 3-EN-1 RGB;Componentes;Enfriamiento;Componentes,Enfriamiento;1;VENTILADOR GAMEMAX RQ300 3-EN-1 RGB;-;Gamemax
4710562755978       ;VENTILADORES AEROCOOL MIRAGE 12 PRO 3FAN ARGB;Componentes;Enfriamiento;Componentes,Enfriamiento;1;VENTILADORES AEROCOOL MIRAGE 12 PRO 3FAN ARGB;-;Aerocool
4718009157248       ;FUENTE DE PODER AEROCOOL CYLON 600W RGB 80P BRONZE;Componentes;Fuentes de poder;Componentes,Fuentes de poder;1;FUENTE DE PODER AEROCOOL CYLON 600W RGB 80P BRONZE;-;Aerocool
884102054174        ;FUENTE DE PODER COOLER MASTER MWE 700 80P BRONZE V2;Componentes;Fuentes de poder;Componentes,Fuentes de poder;1;FUENTE DE PODER COOLER MASTER MWE 700 80P BRONZE V2;-;Cooler Master
884102053344        ;FUENTE DE PODER COOLER MASTER 550W 80P BLANCA;Componentes;Fuentes de poder;Componentes,Fuentes de poder;1;FUENTE DE PODER COOLER MASTER 550W 80P BLANCA;-;Cooler Master
840006620594        ;FUENTE DE PODER CORSAIR CX650F RGB BLANCA 80P BRONZE MODULAR;Componentes;Fuentes de poder;Componentes,Fuentes de poder;1;FUENTE DE PODER CORSAIR CX650F RGB BLANCA 80P BRONZE MODULAR;-;Corsair
840006619338        ;FUENTE DE PODER CORSAIR VS500 80 PLUS;Componentes;Fuentes de poder;Componentes,Fuentes de poder;1;FUENTE DE PODER CORSAIR VS500 80 PLUS;-;Corsair
843368034191        ;FUENTE DE PODER EVGA 600 W 80 PLUS;Componentes;Fuentes de poder;Componentes,Fuentes de poder;1;FUENTE DE PODER EVGA 600 W 80 PLUS;-;EVGA
6931858767965       ;FUENTE DE PODER GAMEMAX 800W RGB VP-800 80P BRONZE;Componentes;Fuentes de poder;Componentes,Fuentes de poder;1;FUENTE DE PODER GAMEMAX 800W RGB VP-800 80P BRONZE;-;Gamemax
6931858767842       ;FUENTE DE PODER GAMEMAX VP-600 80P BRONZE;Componentes;Fuentes de poder;Componentes,Fuentes de poder;1;FUENTE DE PODER GAMEMAX VP-600 80P BRONZE;-;Gamemax
6931858767941       ;FUENTE DE PODER GAMEMAX VP-600 RGB 80P BRONZE;Componentes;Fuentes de poder;Componentes,Fuentes de poder;1;FUENTE DE PODER GAMEMAX VP-600 RGB 80P BRONZE;-;Gamemax
813567028628        ;FUENTE DE PODER GIGABYTE 550W P550B 80P BRONZE;Componentes;Fuentes de poder;Componentes,Fuentes de poder;1;FUENTE DE PODER GIGABYTE 550W P550B 80P BRONZE;-;Gigabyte
813567025573        ;FUENTE DE PODER GIGABYTE 650W P650B 80P BRONZE;Componentes;Fuentes de poder;Componentes,Fuentes de poder;1;FUENTE DE PODER GIGABYTE 650W P650B 80P BRONZE;-;Gigabyte
813567028659        ;FUENTE DE PODER GIGABYTE P450B 80P BRONZE;Componentes;Fuentes de poder;Componentes,Fuentes de poder;1;FUENTE DE PODER GIGABYTE P450B 80P BRONZE;-;Gigabyte
CS000GBT1L          ;FUENTE DE PODER GIGABYTE P550B 550W 80P BRONZE;Componentes;Fuentes de poder;Componentes,Fuentes de poder;1;FUENTE DE PODER GIGABYTE P550B 550W 80P BRONZE;-;Gigabyte
813567028710        ;FUENTE DE PODER GIGABYTE P750GM 750W 80P GOLD MODULAR;Componentes;Fuentes de poder;Componentes,Fuentes de poder;1;FUENTE DE PODER GIGABYTE P750GM 750W 80P GOLD MODULAR;-;Gigabyte
813567029038        ;FUENTE DE PODER GIGABYTE P850GM 80P GOLD MODULAR;Componentes;Fuentes de poder;Componentes,Fuentes de poder;1;FUENTE DE PODER GIGABYTE P850GM 80P GOLD MODULAR;-;Gigabyte
7862125251292       ;FUENTE DE PODER QUASAD QGP-650W 80 PLUS BRONZE;Componentes;Fuentes de poder;Componentes,Fuentes de poder;1;FUENTE DE PODER QUASAD QGP-650W 80 PLUS BRONZE;-;Quasad
015186000003        ;FUENTE DE PODER SPEEDMIND PS-600W;Componentes;Fuentes de poder;Componentes,Fuentes de poder;1;FUENTE DE PODER SPEEDMIND PS-600W;-;Speedmind
