Nombre del producto;Categoría;Subcategoría;Cate;Precio incluido IVA;Código de producto;Inventario inicial;Descripción ;Marca;Color;Peso;Garantía
ACCESS POINT TPLINK TL-WA801ND 300MBPS;redes;router;redes,router;28,39;ACC801;1;"2 Antenas
Velocidad de transmisión inalámbrica de 300 Mbps, provee una experiencia inalámbrica N fluida
Es compatible con múltiples modos de operación: Punto de acceso, Cliente, Universal / Repetidor WDS, Puente Inalámbrico
Fácil configuración de una conexión segura encriptada WPA al presionar el botón QSS
Instalación flexible: hasta 30 metros (100 pies) de distancia utilizando el inyector Power over Ethernet suministrado";Tplink;blanco;0.6;si
ACCESS POINT TPLINK TL-WA901ND 450MBPS;redes;router;redes,router;35,26;ACC901-450;3;"3 Antenas
Velocidad de transmisión inalámbrica de 450 Mbps, provee una experiencia inalámbrica N fluida
Es compatible con múltiples modos de operación: Punto de acceso, Cliente, Universal / Repetidor WDS, Puente Inalámbrico
Fácil configuración de una conexión segura encriptada WPA al presionar el botón QSS
De hasta 30 metros de alimentación a través de Ethernet para un despliegue flexible";Tplink;blanco;0.7;si
ACCESS POINT TRENDNET TEW-638APB 300MBPS;redes;router;redes,router;61,6;acc638;6;"2 Antenas
Amplíe su red inalámbrica con la tecnología del sistema de distribución inalámbrico (WDS).
Utilice el modo de puente inalámbrico para conectar de manera inalámbrica dispositivos como consolas de videojuegos, impresoras y grabadoras de video digitales. 
Su encriptación inalámbrica avanzada ofrece amplia seguridad
Ahorro de energía de hasta 50% con la tecnología GREENwifi";Trendnet;negro;0.4;si
AURICULARES  PARA CELULAR IPHONE CON PLUG;celulares;auriculares;celulares,auriculares;9,5;AUD-USBIPH;2;Auriculares imitación para iphone;;blanco;0.1;
"AURICULARES LG HBS-750 STEREO NEGRO/BLANCO/
DORADO";celulares;auriculares;celulares,auriculares;67,2;aud750;3;"Auriculares estéreo, con conexión bluetooth.
Controles de música y llamadas convenientemente ubicados en los lados del dispositivo.
El estilo de uso alrededor del cuello con ajuste contorneado significa la máxima comodidad.
Con una respuesta de graves mejorada y funciones como la voz HD, experimentarás un sonido completo, rico y auténtico.";Lg;negro/blanco/dorado;0.2;si
AURICULARES XT-6 NEGRO IMANTADO/VARIOS COLORES;celulares;auriculares;celulares,auriculares;8,68;AUD-XR6;2;AUDIFONO + MICROFONO, conexión bluetooth;;negro;0.1;
  AURICULARES SAMSUNG/AKG S8/S8+;celulares;auriculares;celulares,auriculares;3,93;HD-AUD-S8;1;AUDIFONO + MICROFONO / imitación;;negro;0.1;
AUDÍFONOS GENIUS HS-02B;computación;audífonos;computación,audífonos;5,96;MIC02B;15;Audífonos con micrófono estilo diadema con almohadillas de esponja suave que puede utilizar durante períodos prolongados con gran comodidad. Cuentan con un micrófono flexible y control de volumen en línea que hace que su voz suene mucho más clara. Ideales para mantener conversaciones en MSN, Skype y demás programas de mensajería instantánea por Internet. Para más información, consulte a su representante.;Genius;plateado;0.1;si
AUDÍFONOS GENIUS HS-04S;computación;audífonos;computación,audífonos;11,67;MIC04SP;12;Audífonos con micrófono con conexión jack, le dará la flexibilidad para hacer de todo con más comodidad y calidad. Su micrófono posee cancelación de ruido para proporcionar claridad mejorada de audio. Si pasa muchas horas chateando en su ordenador, jugando o en videoconferencia, tendrá una comodidad superior con la banda de la cabeza de goma blanda y las almohadillas de las orejas contienen espuma suave. ;Genius;plateado;0.2;si
AUDÍFONOS GENIUS HS-04SU;computación;audífonos;computación,audífonos;14,49;AUD-04SU;6;"Audífonos estéreo con micrófono, características generales: gris y color de plata con auriculares estéreo
Ajustable micrófono con anulación de micrófono en línea con función de silencio control de volumen en línea
Ideal para uso con MSN, SKYPE u otras aplicaciones VoIP
Funciona con un reproductor de MP3 u otro dispositivo de audio con un conector de audio de 3,5 mm
Auriculares y micrófono jack de 3.5 mm";Genius;negro;0.3;si
AUDÍFONOS GENIUS HS-M200C ;computación;audífonos;computación,audífonos;5,01;MIC-M200C;2;LOS HEADSET GENIUS HS-M200C FOR SINGLE JACK LAPTOP Los audífono HS-M200C Genius, hacen muy fácil la comunicación a través de Internet. El micrófono ajustable produce un sonido de extrema claridad. Los HS-200C incluyen auriculares y micrófono, y son ideales para chatear en Skype y otras aplicaciones similares de Internet;Genius;negro;0.1;si
AURICULARES GENIUS HS-M228;hogar;auriculares hogar;hogar,auriculares hogar;4,78;AUD-M228;0;"Disfrute de su música con los auriculares HS-M228 de Genius, que incluyen una característica de aislación de ruido que lo ayudará a minimizar las distracciones para que pueda sumergirse en su música. El botón de micrófono en el cable le permite contestar
con facilidad llamadas telefónicas y controlar la reproducción de la música. Las unidades de potencia de 10mm producen sonidos poderosos. El diseño de los auriculares permite bloquear sonidos externos y le deja concentrarse en su música.";Genius;negro;0.1;si
AUDÍFONOS GENIUS HS-M505X;computación;audífonos;computación,audífonos;11,96;MIC505;8;Genius presenta su nuevo auricular HS-505X que proporciona una gran experiencia de uso y conveniencia. El gran auricular es cómodo para mucho tiempo, también es bueno para el aislamiento de sonido y su conexión es única tipo jack. Por otra parte, la diadema ajustable con el acero inoxidable puede adaptarse a diferentes ángulos de la cara. El micrófono ajustable se diseñó para entregar calidad de sonido claro mientras chateas en línea. El práctico control de volumen en línea del genius HS-505X le permiten ajustar el volumen fácilmente sin mirar hacia la PC o portátil. HS-505X es su mejor opción para el chat en línea.;Genius;negro;0.3;si
AURICULARES JBL ENDURANCE JUMP BLACK;celulares;auriculares;celulares,auriculares;61,2;ADAJBLJUM-BLACK;4;"Conexión bluetooth
Carga para 8 horas de reproducción
Mandos táctiles y resistente al agua.
Los auriculares JBL Endurance JUMP son exactamente lo que necesitas para dar un salto de nivel en tus sesiones de entrenamiento. Sujeción segura y sin dolor garantizada. Estos auriculares te permiten ponerte en marcha al instante. Se activan automáticamente al ponértelos gracias a su diseño PowerHook™. Muévete con libertad gracias a la cinta del cuello inalámbrica y a las almohadillas TwistLock™. Resiste a los elementos gracias a su resistencia al agua IPX7 y a sus 8 horas de batería. Y por si eso no fuera suficiente, gracias a su práctica batería de carga rápida puedes estar listo para más marcha en solo unos minutos.";Jbl;negro;0.3;si
AURICULARES JBL ENDURANCE JUMP  BLACK/YELLOW;celulares;auriculares;celulares,auriculares;61,2;ADAJBLJUM-B/Y;18;"Conexión bluetooth
Carga para 8 horas de reproducción
Mandos táctiles y resistente al agua
Los auriculares JBL Endurance JUMP son exactamente lo que necesitas para dar un salto de nivel en tus sesiones de entrenamiento. Sujeción segura y sin dolor garantizada. Estos auriculares te permiten ponerte en marcha al instante. Se activan automáticamente al ponértelos gracias a su diseño PowerHook™. Muévete con libertad gracias a la cinta del cuello inalámbrica y a las almohadillas TwistLock™. Resiste a los elementos gracias a su resistencia al agua IPX7 y a sus 8 horas de batería. Y por si eso no fuera suficiente, gracias a su práctica batería de carga rápida puedes estar listo para más marcha en solo unos minutos.";Jbl;negro con amarillo;0.3;si
AURICULARES JBL ENDURANCE JUMP RED;celulares;auriculares;celulares,auriculares;61,2;ADAJBLJUMP-RED;6;"Conexión bluetooth
Carga para 8 horas de reproducción
Mandos táctiles y resistente al agua
Los auriculares JBL Endurance JUMP son exactamente lo que necesitas para dar un salto de nivel en tus sesiones de entrenamiento. Sujeción segura y sin dolor garantizada. Estos auriculares te permiten ponerte en marcha al instante. Se activan automáticamente al ponértelos gracias a su diseño PowerHook™. Muévete con libertad gracias a la cinta del cuello inalámbrica y a las almohadillas TwistLock™. Resiste a los elementos gracias a su resistencia al agua IPX7 y a sus 8 horas de batería. Y por si eso no fuera suficiente, gracias a su práctica batería de carga rápida puedes estar listo para más marcha en solo unos minutos.";Jbl;rojo;0.3;si
AUDÍFONOS MARVO SCORPION GAMING HG8936;gamer;audífonos gamers;gamer,audífonos gamers;17,18;AUD-HG8936;2;"CONEXIÓN: 2 PLUGS AUDIO Y MICRÓFONO
USB PARA ILUMINACIÓN DECORATIVA
Diseño cerrado sobre las orejas para sonidos graves potentes
Orejeras de cuero acolchado suave
Diadema autoajustable
Control de volumen incorporado
Micrófono retroiluminado";Marvo;rosado;0.4;si
AUDÍFONOS MEBOLE MBL-440 NEGRO;gamer;audífonos gamers;gamer,audífonos gamers;9,14;AUD-440;22;;;negro;0.1;
AUDÍFONOS RAZER KRAKEN MULTIPLATAFORMA MERCURY RZ04-02830400-R3M1;gamer;audífonos gamers;gamer,audífonos gamers;102,44;AUD-RAZER1245;4;"CONEXIÓN JACK 3.5
AUDIO POSICIONAL PRECISO Y CLARO: Los auriculares están equipados con un software de sonido envolvente 7.1 para que disfrutes de un audio posicional preciso mientras juegas. 
ACOLCHADO DE LA DIADEMA MÁS GRUESO: La estructura de aluminio de bauxita de los Razer Kraken los hace ligeros, flexibles y muy resistentes.
JUEGA CÓMODAMENTE DURANTE HORAS: Posee almohadillas de gel refrigerante que reducen el calor. Suave tejido y piel sintética, con aislamiento acústico.
MICRÓFONO CARDIOIDE MEJORADO";Razer;blanco;0.8;si
"AUDÍFONOS RAZER KRAKEN TOURNAMENT EDITION  GREEN
RZ04-02051100-R3U1";gamer;audífonos gamers;gamer,audífonos gamers;125,19;AUD-RAZER1173;1;"CONEXIÓN USB
Controles de audio integrales.
THX Spatial Audio
Control del equilibrio juego-chat.
Controladores optimizados de 50 mm.
Diseño ergonómico.
Compatibilidad multiplataforma.";Razer;verde;0.8;si
"AUDÍFONOS RAZER KRAKEN ULTIMATE USB RGB
RZ04-03180100-R3U1";gamer;audífonos gamers;gamer,audífonos gamers;131,66;AUD-RAZER1230;3;"TIPO DE CONEXIÓN: USB Digital
LARGO DEL CABLE: 2,0 m
MICRÓFONO: Unidireccional retráctil
THX Spatial Audio
Diafragmas optimizados de 50 mm
Micrófono con cancelación activa de ruido
Almohadillas de gel refrigerantes
Iluminación inferior Razer Chroma™ RGB
Función de silencio: clic para silenciar
Control en el auricular: Conmutador de encendido/apagado de THX Spatial Audio
";Razer;negro;0.8;si
AUDÍFONOS RAZER KRAKEN V3 X RZ04-03750100-R3U1;gamer;audífonos gamers;gamer,audífonos gamers;89,69;AUD-RAZER1309;2;"CONEXIÓN USB
Controladores Razer™ TriForce de 40 mm para un sonido inmersivo
Diseño ultraligero de 285 g para largas sesiones de juego
Almohadillas híbridas de espuma viscoelástica y tela para una comodidad transpirable y duradera
Sonido envolvente 7.1 para una experiencia de audio posicional exacta
Micrófono cardioide Razer™ HyperClear para una captura de voz mejorada";Razer;negro;0.6;si
AUDÍFONOS RAZER TETRA PARA CONSOLA RZ04-02920100-R3U1;gamer;audífonos gamers;gamer,audífonos gamers;33,24;AUD-RAZER1229;23;"Micrófono cardioide giratorio
Diseño reversible de derecha o izquierda
Peso ultraligero de 70 g
Control de volumen integrado
Conexión analógica de 3,5 mm";Razer;negro;0.2;si
AUDÍFONOS REDRAGON PANDORA 2 H350 RGB BLACK;gamer;audífonos gamers;gamer,audífonos gamers;46,5;AUD-REDRAGONH350RGB-;10;"TIPO DE SALIDA: sonido 7.1 virtual.
TIPO DE COPAS: circumaurales (rodean completamente la oreja). Tacto suave y con aislamiento pasivo.
MATERIAL DE DIADEMA: metálica, flexible y regulable, recubierta de cuerina y con anclajes de plástico reforzado.
TIPO DE CABLE: mallado en tela de alta resistencia; 2 m de extensión.
CONECCCIÓN: JACK 3.5 (+adaptador) y USB enchapado con filtro para interferencias
TIPO DE MICRÓFONO Y CAPTACIÓN:
Unidireccional, Desmontable con conexion 3.5 mm";Redragon;negro;0.6;si
AUDÍFONOS REDRAGON PANDORA 2 H350W RGB WHITE;gamer;audífonos gamers;gamer,audífonos gamers;46,5;AUD-REDRAGONH350W-RG;12;"TIPO DE SALIDA: sonido 7.1 virtual.
TIPO DE COPAS: circumaurales (rodean completamente la oreja). Tacto suave y con aislamiento pasivo.
MATERIAL DE DIADEMA: metálica, flexible y regulable, recubierta de cuerina y con anclajes de plástico reforzado.
TIPO DE CABLE: mallado en tela de alta resistencia; 2 m de extensión.
CONECCCIÓN: JACK 3.5 (+adaptador) y USB enchapado con filtro para interferencias
TIPO DE MICRÓFONO Y CAPTACIÓN:
Unidireccional, Desmontable con conexion 3.5 mm";Redragon;blanco;0.6;si
AUDÍFONOS REDRAGON SCYLLA H901 2 ;gamer;audífonos gamers;gamer,audífonos gamers;24,17;AUDH901;8;"PLUG + ADAPTADOR. Sonido nítido y excelente aislamiento de ruido que te ofrece una inmersión total en tu sesión de juegos. Los controladores direccionales de neodimio de 1.575 in con sensibilidad de 113 dB ofrecen una precisión de audio extrema, mientras que las almohadillas suaves y acolchadas para los oídos ofrecen un avanzado aislamiento de ruido pasivo.

Compatible con múltiples plataformas; puedes utilizar los auriculares Redragon H901 SCYLLA Gaming en múltiples plataformas como PlayStation 4, PS4, PC portátil, tablet, Xbox One, Nintendo Switch. (Adaptador estéreo incluido).";Redragon;negro;0.4;si
AUDÍFONOS REDRAGON ZEUS H510;gamer;audífonos gamers;gamer,audífonos gamers;70,82;AUD-REDRAGONH510-1;3;"TIPO DE SALIDA: 7.1 Virtual vía USB, stereo por ficha 3.5.
TIPO DE COPAS: circumaurales (rodean completamente la oreja). Almohadillas con memory foam.
MATERIAL DE DIADEMA: metálica, ajustable, integrada a la estructura.
CONECTORES: USB 2.0 y 3.5 TRRS, cables intercambiables.
TIPO DE MICRÓFONO Y CAPTACIÓN: Unidireccional, Desmontable con conexión 3.5 mm
MULTI PLATAFORMA
El cable de los Zeus2 es desmontable, mallado y de alta resistencia. Posee conectores analógicos y USB enchapados en oro que brindan compatibilidad plena con PC y consolas.";Redragon;negro con dorado;0.7;si
AUDÍFONOS SATE AE-218;computación;audífonos;computación,audífonos;4,96;AUD-AE-218S;237;"Conector: conector estéreo de 3,5 mm * 1
Micrófono: Tipo de condensador
Polar Pattem: Control de volumen omnidireccional
Excelente calidad de sonido con el auricular Satellite AE-218. Equipado con potencia de 100mW, impedancia de 32 ohmios y sensibilidad de 105 dB, usted podrá escuchar su música en el ordenador o jugar, con comodidad y mucha calidad.";Sate;plateado;0.1;si
AUDÍFONOS SN-900M.V DIADEMA PC;computación;audífonos;computación,audífonos;6,2;HD-SN900;1;;;plateado;0.1;
AUDÍFONOS  SOYTO G10 GAMING DIADEMA PC NEGRO/ROJO;gamer;audífonos gamers;gamer,audífonos gamers;26,75;HD-G10;1;"Tecnología de conectividad: Alámbrico
Estilo de uso: Diadema
Interfaz: USB
Longitud de cable: 2 m
Frecuencia de auricular: 20 - 20000 Hz";;negro con rojo;0.4;
AUDÍFONOS XTRATECH XT-HS108;computación;audífonos;computación,audífonos;6,09;AUD-XT-HS108;1;"Audífonos tipo diadema
Comodidad para uso prolongado
Conector 3.5mm";Xtratech;negro;0.2;si
AURICULARES  BLUETOOTH I12 TWS  ;celulares;auriculares;celulares,auriculares;18,76;AUD-I12;1;Auriculares con conexión bluetooth con cargador portátil.;;blanco;0.1;
AURICULARES MAGNÉTICOS XG6;celulares;auriculares;celulares,auriculares;12,1;AUD-XG6;1;Auriculares con conexión bluetooth;;negro;0.1;
AUDÍFONOS PANASONIC RP-DJS400A BLANCO;computación;audífonos;computación,audífonos;37;AUD400B;1;Conector 40mm;Panasonic;blanco;0.3;si
AUDÍFONOS PANASONIC RP-DJS400A ROJO;computación;audífonos;computación,audífonos;37;AUD400R;1;Conector 40mm;Panasonic;rojo;0.3;si
AUDÍFONOS PANASONIC RP-HC200 BLANCO/AMARILLO;computación;audífonos;computación,audífonos;61,44;AUDC200;1;CONECTOR JACK 3.5MM;Panasonic;amarillo pastel con negro;0.3;si
AURICULARES PANASONIC RP-HJE295PP AZUL;celulares;auriculares;celulares,auriculares;28;aud295a;5;CONECTOR JACK 3.5MM;Panasonic;azul;0.1;si
AURICULARES PANASONIC RP-HJE295PP SILVER;celulares;auriculares;celulares,auriculares;22,38;AUD295S;19;CONECTOR JACK 3.5MM;Panasonic;plateado;0.1;si
AURICULARES PANASONIC RP-HS16 SILVER;celulares;auriculares;celulares,auriculares;9,16;AUDS16S;22;CONECTOR JACK 3.5MM;Panasonic;plateado;0.1;si
AUDÍFONOS PANASONIC RP-HT21 SILVER 1 CONECTOR;computación;audífonos;computación,audífonos;14,88;aud21s;1;CONECTOR JACK 3.5MM;Panasonic;plateado;0.1;si
AUDÍFONOS PANASONIC RP-HX250E NEGRO;computación;audífonos;computación,audífonos;31,79;AUD250EN;1;CONECTOR JACK 3.5MM;Panasonic;negro;0.3;si
AURICULARES RAZER HAMMERHEAD RZ04-01930100-R3U1 NEGRO;celulares;auriculares;celulares,auriculares;117,63;AUDH100RZ;1;"Conexión Bluetooth: Alcance 10 m
Auriculares:
Máx. potencia de entrada: 10 mW
Diafragmas: 10 mm, con imanes de neodimio
Micrófono:
Respuesta de frecuencia: de 300 Hz a 3,4 kHz
Relación señal-ruido: ≥ 55 dB
Sensibilidad (@1 kHz): 42 ± 3 dB
Patrón de captación: Omnidireccional
Control remoto en línea:
Controles de música: Reproducción/Pausa, Siguiente, Retroceder
Controles de llamada: Responder, Finalizar, Rechazar llamada
General: Volumen, Emparejar, Alimentación
Batería:
Tipo de batería: Batería Li-Po recargable 160 mAH
Duración de la batería: aprox. 8 horas
Tiempo de carga: hasta 2 horas";Razer;negro;0.3;si
AURICULARES RAZER HAMMERHEAD TRUE WIRELESS MERCURY RZ12-02970500-R3M1 V2019;celulares;auriculares;celulares,auriculares;122,99;AUD-RAZER1264;10;"Conexión Bluetooth: Rango hasta 10 m
Duración de la batería: APROX. 16 horas (con carcasa de carga incluida)
Tiempo de carga: hasta 1,5 horas
Diafragmas: 13 mm
AURICULARES:
Sensibilidad: 91 ± 3 dB a 1 kHz mediante simulador de cabeza y torso (HATS, Head and Torso Simulator)
Entrada de potencia máxima: 8 mW
MICRÓFONO:
Sensibilidad (a 1 kHz): -42 ± 3 dB
Patrón de captación: omnidireccional
Controles táctiles:
Controles de música: reproducción, pausa, siguiente, anterior
Controles de llamada: responder, rechazar, cambiar, finalizar
Generales: emparejar, encender, activar asistente visual del smartphone
Compatibilidad: Aplicación para smartphone disponible en Android™ 8.0 Oreo e iOS 11 (o superior)";Razer;blanco;0.3;si
AURICULARES RAZER HAMMERHEAD TRUE WIRELESS RZ12-02970100-R3U1 V2019;celulares;auriculares;celulares,auriculares;122,99;AUD-RAZER1228;9;"Conexión Bluetooth: Rango hasta 10 m
Duración de la batería: APROX. 16 horas (con carcasa de carga incluida)
Tiempo de carga: hasta 1,5 horas
Diafragmas: 13 mm
AURICULARES:
Sensibilidad: 91 ± 3 dB a 1 kHz mediante simulador de cabeza y torso (HATS, Head and Torso Simulator)
Entrada de potencia máxima: 8 mW
MICRÓFONO:
Sensibilidad (a 1 kHz): -42 ± 3 dB
Patrón de captación: omnidireccional
Controles táctiles:
Controles de música: reproducción, pausa, siguiente, anterior
Controles de llamada: responder, rechazar, cambiar, finalizar
Generales: emparejar, encender, activar asistente visual del smartphone
Compatibilidad: Aplicación para smartphone disponible en Android™ 8.0 Oreo e iOS 11 (o superior)";Razer;negro;0.3;si
AURICULARES RAZER HAMMERHEAD TRUE WIRELESS PRO RZ12-03440100-R3U1;celulares;auriculares;celulares,auriculares;222,5;AUD-RAZER1302;4;"Tipo de conexión: Bluetooth 5.1
INCLUYE FUNDA DE CARGA
Patrón de captación del micrófono: Omnidireccional
MANDOS TÁCTILES CONFIGURABLES CON APP
Compatibilidad:
Dispositivos con capacidad de audio Bluetooth
Aplicación para smartphone disponible para iOS y Android";Razer;negro;0.3;si
AUDÍFONOS TOSHIBA RZE-D160H-II OVER EAR STEREO;computación;audífonos;computación,audífonos;16,97;AUD-TOS-D160R;20;Estéreo - Conexión 3.5mm;Toshiba;rojo;0.3;si
AUDIFONO TOSHIBA RZE-D160H-II OVER-EAR STEREO;computación;audífonos;computación,audífonos;16,97;AUD-TOS-D160B;50;Estéreo - Conexión 3.5mm;Toshiba;negro;0.3;si
CÁMARA DE SEGURIDAD IP TRENDNET TV-IP551W WIRELESS;hogar;cámara de seguridad;hogar,cámara de seguridad;106,55;CAM130;1;"Compatible con Wi-Fi y dispositivos IEEE 802.11n
Botón de conexión WPS al toque de un botón
1 x puerto Auto-MDIX RJ-45 a 10/100Mbps (para instalación por cable opcional)
Indicadores LED de alimentación y actividad (se pueden desactivar)
Botón de reinicio
Zoom digital de hasta 4x
DNS dinámico
Programa Compatible con Windows y Microsoft Server 2008
Vea videos desde cualquier conexión a Internet
Conexión inalámbrica N de alta velocidad
Programa para grabación en detección de movimiento, programación de grabación, alertas por correo-e y más con el software complementario
Audio de una vía
Kit de instalación para montaje en pared o techo";Trendnet;blanco;0.8;si
CÁMARA DE SEGURIDAD IP WIFI 360 GRADOS B2-R TIPO FOCO;hogar;cámara de seguridad;hogar,cámara de seguridad;48,56;CAM-PB2;5;"Cámara Espía WiFi con forma de foco que pasa desapercibido, Esta cámara no requiere de cable de Ethernet para su instalación, todo es vía WiFi.
SE INSTALA FÁCILMENTE NO SE REQUIERE HERRAMIENTA";;blanco;0.2;
CÁMARA DE SEGURIDAD TPLINK TAPO C100;hogar;cámara de seguridad;hogar,cámara de seguridad;36,1;CAM-C100;1;"CONEXIÓN WIFI
FULL HD
VISION NOCTURNA
DETECCIÓN MOV
AUDIO DOBLE VIA
SOPORTA MICRO SD";Tplink;blanco;0.3;si
CÁMARA DE SEGURIDAD TPLINK TAPO C310 V2 ;hogar;cámara de seguridad;hogar,cámara de seguridad;58,27;CAMT310;0;"WiFi
Audio bidireccional
Exterior Interior
Resolución 3MP
IP66 con Visión Nocturna
Detección de Movimiento
Alarma Instantánea
Control con App IOS, Android
Compatible con Alexa";Tplink;negro;0.4;si
"CÁMARA DE SEGURIDAD VIZZION VZ-BC0T-IRP PLASTICAS BULLET
DS-2CE16COT-IR,HD720P,24PCS IR LEDS, 20M IR";hogar;cámara de seguridad;hogar,cámara de seguridad;22,41;CAM16VP;331;resolución 720;Vizzion;blanco;0.2;si
"CÁMARA DE SEGURIDAD VIZZION VZ-DC0T-IR PLASTICAS DOMO
DS-2CE56COT-IRM,HD720P,24PCS IR LEDS, 20M IR";hogar;cámara de seguridad;hogar,cámara de seguridad;22,41;CAM56VP;234;resolución 720;Vizzion;blanco;0.2;si
CÁMARA ESPIA MINI Y2000 ROHS;hogar;cámaras;hogar,cámaras;24,13;CAM-E2000;1;;;negro;0.1;
CÁMARA ESPIA TIPO ESFERO BPR6 MICROTECH;hogar;cámaras;hogar,cámaras;16,52;CAM-BPR6;2;;Microtech;negro;0.1;si
CÁMARA FILMADORA Kodax Play Sport Zx3 CON CABLE HD;hogar;cámaras;hogar,cámaras;261,46;camk;1;"Resistente al agua hasta 9.8 ft
Vídeo Full HD 1080p
Estabilización de imagen electrónica
Brillante, 2.0 in. Pantalla a color
Captura imágenes fijas HD de 5 megapíxeles (16:9)";Kodak;plateado;0.5;
CÁMARA GO PRO HERO+ LCD;hogar;cámaras;hogar,cámaras;436;camg;2;"Cámara LCD Hero + con pantalla táctil integrada.
Graba impresionantes vídeos envolventes 1080p60 y 720p60 con recortes de vídeo integrados, SuperView, luz baja automática, etiqueta de luz HI y captura rápida.
Captura fotos individuales de 8 MP, lapso de tiempo y ráfaga de hasta 5 fps.
Wi-Fi + Bluetooth integrado permite la conectividad a la aplicación GoPro o Smart Remote1 para ajustar los modos y ajustes, controlar la cámara de forma remota y ver y compartir tu contenido.
Duradero e impermeable hasta 131.2 ft, diseñado para soportar entornos y condiciones extremas.";Gopro;gris;0.4;si
CÁMARA GO PRO HERO4 BLACK CHDHX-401-LA;hogar;cámaras;hogar,cámaras;515,11;CAMG4;1;"Ráfaga de fotos: 12 MP/30 fps
Wi-Fi integrado y Bluetooth
Micrófono integrado
3 Vías Pivot Arm
Cable USB";Gopro;plateado;0.7;si
CÁMARA GO PRO HERO4 SILVER CHDHY-401-LA;hogar;cámaras;hogar,cámaras;500,53;CAM4;1;Capta tu mundo con la HERO4 Silver, la GoPro de alto rendimiento que incorpora una pantalla táctil integrada. El control de la cámara, el encuadre y la reproducción de contenido son ahora súper cómodos: simplemente mira, toca y desliza el dedo por la pantalla. La HERO4 Silver capta video de 1080p60 y 720p120 con una nitidez vívida, además de fotos de 12 MP a una velocidad sorprendente de 30 fotogramas por segundo. La función integrada de recorte de video1 te permite crear y guardar pequeños clips con momentos destacados para compartirlos fácilmente. HiLight Tag (etiqueta de énfasis) te permite marcar los momentos clave para que te resulte más fácil encontrarlos más adelante. Sumergible a 40 m, la HERO4 Silver combina versatilidad y captura de alto rendimiento con la comodidad de una pantalla táctil.;Gopro;plateado;0.7;si
CÁMARA GO PRO HERO5 BLACK 12MP 4K CHDHX-502;hogar;cámaras;hogar,cámaras;542,39;CAMG5;3;"Impresionante de vídeo 4 K y fotos de 12 MP en modos ráfaga de solo, y lapso de tiempo.
Durable por diseño, Hero5 negro es resistente al agua 33 ft (10 m) sin una carcasa
Vista previa y la reproducción de sus imágenes, cambiar la configuración y adornos metraje, todos en tu GoPro.";Gopro;gris;0.5;si
CÁMARA GO PRO HERO6 BLACK 12MP 4K CHDHX-601;hogar;cámaras;hogar,cámaras;677,62;CAMG6BLK;7;"PANTALLA: LCD monocromo no retroiluminado + pantalla táctil de 2 pulgadas a color
CÁMARA: 12MP y vídeo a 4K con 60fps o 1080p con 240fps
ESTABILIZACIÓN DE IMAGEN: Electrónica
MODO DE DISPARO: Foto, vídeo, ráfaga, timelapse
RESISTENCIA AL AGUA: Hasta 10 metros sin carcasa";Gopro;gris;0.5;si
CÁMARA IP WIFI RELOJ ESPIA  VISION NOCTURNA SENSOR MOVIMIENTO;hogar;cámaras;hogar,cámaras;50,69;CAM-RELOJ;2;;;negro;0.3;
"CÁMARA NIKON COOLPIX L320 16.1 MPX 26X ZOON LCD 3""";hogar;cámaras;hogar,cámaras;380,99;cam320n;1;"Alto rendimiento lente NIKKOR
Motor de procesamiento EXPEED C2
Sistema de retrato inteligente
Pet modo vertical
Grabación de vídeo HD de 720p con un solo toque";Nikon;negro;0.8;
CÁMARA WEB GENIUS FACECAM 1000X;computación;cámara web;computación,cámara web;24,19;CAM1000;11;"HD 720p
Micrófono integrado
Conexión USB 2.0.
Zoom digital 3X
Enfoque manual
Clip universal para Pantallas LCD y notebooks.";Genius;negro;0.1;si
CÁMARA WEB MICROTECH;computación;cámara web;computación,cámara web;24,65;CAM07;5;"VGA 640*480P
 USB 2.0";Microtech;negro;0.1;si
CÁMARA WEB REDRAGON FOBOS GW600;computación;cámara web;computación,cámara web;50,11;CAM-REDRAGONGW600-1;50;"CONEXIÓN USB Y AUDIO ESTÉREO
CONTROL AUTOMÁTICO: Saturación, contraste, agudeza, balance de blancos, exposición.
COMPATIBILIDAD: Win XP (SP2, SP3), VISTA, Win 7,8,10, Linux o Mac OS con driver UVC.
PÍXELES EFECTIVOS: 1296 x 732.
CUADROS POR SEGUNDO: 720P 30fps max";Redragon;negro;0.2;si
CASE COMBO GAMER SATE ;computación;combo;computación,combo;64,51;CSE-K883COMBO;7;"CASE: K-883 750W
TECLADO AK910
MOUSE A-501
PARLANTES S-001";Sate;negro;4.3;si
CASE GAMER AGILER AGI-C008 ;computación;case;computación,case;76,19;CSE-AGI-C008;1;4 VENTILADORES (ILUMINACIÓN ROJO);Agiler;negro - luces rojas;4;si
CASE GAMER SATE K-869;computación;case;computación,case;81,86;CSE-K869;7;"3 VENTILADORES Y CONTROL DE COOLER - SIN FUENTE
Dimensiones: 34CM X 18.5CM * 38.5CM";Sate;negro;4.2;si
CASE GAMER SATE K-870 ;computación;case;computación,case;80,35;CSE-870;18;3 VENTILADORES - SIN FUENTE;Sate;negro;4.8;si
CASE GAMER SATE K-871 ;computación;case;computación,case;80,35;CSE-K871;20;"3 VENTILADORES - SIN FUENTE
 47x22x41CM";Sate;negro;4.8;si
CASE GAMER SATE K-872 ;computación;case;computación,case;80,35;CSE-K872;60;"3 VENTILADORES - SIN FUENTE
49X25X42 cm";Sate;negro;4.8;si
CASE GAMER SATE K-873 ;computación;case;computación,case;80,35;CSE-K873;35;"3 VENTILADORES - SIN FUENTE
33CM X 19.2CM X 43.5 CM";Sate;negro;4.9;si
CASE GAMER SATE K-874 ;computación;case;computación,case;82,77;CSE-K874;54;"3 VENTILADORES Y CONTROL DE COOLER - SIN FUENTE
40.8CM X 20.2 CM X 45.6 CM";Sate;negro;5.3;si
CASE GAMER SATE K-876 ;computación;case;computación,case;119,76;CSE-K876;10;"6 VENTILADORES Y CONTROL DE COOLER - SIN FUENTE
33 CM X 19.2 CM X 45CM";Sate;blanco;4.9;si
CASE GAMER SATE K-878 ;computación;case;computación,case;62,23;CSE-K878;42;"4 VENTILADORES - SIN FUENTE
19.5 CM X 36 CM X 39 CM";Sate;negro;3.7;si
CASE GAMER SATE K-881 ;computación;case;computación,case;140,99;CSE-K881;8;"6 VENTILADORES Y CONTROL DE COOLER - SIN FUENTE
40CM X 22.5 CM X* 47.5 CM";Sate;blanco;7.3;si
CASE GAMER SATE K-885 ;computación;case;computación,case;46,1;CSE-K885;122;"1 VENTILADOR - SIN FUENTE
37 x 19 x 42 cm";Sate;negro;3.3;si
CASE SOLO RIPPA 11GE-AT10 ATX ;computación;case;computación,case;54,53;cse-riat10;0;600W;Rippa;negro;4.3;
DISCO DURO EXTERNO 1TB SEAGATE BACKUP PLUS SLIM  STDR1000-103;computación;componentes;computación,componentes;90,13;HDD1EXSR;22;;Seagate;rojo;0.2;si
"DISCO DURO EXTERNO 2TB ADATA HD710 PRO 2.5"" MODELO:
AHD710P-2TU31-CBK";computación;componentes;computación,componentes;109,07;HDD2TEXT-710;1;;Adata;negro;0.3;si
"DISCO DURO EXTERNO 2TB ADATA HD710M PRO 2.5""  MODELO:
AHD710MP-2TU31-CCF";computación;componentes;computación,componentes;109,07;HDD2EXTM;23;;Adata;militar;0.3;si
"DISCO DURO EXTERNO 2TB TOSHIBA 3.5"" ";computación;componentes;computación,componentes;123,64;HDD2EXT;4;MODELO DESK CON CARGADOR;Toshiba;negro;1.4;si
"DISCO DURO EXTERNO 4TB ADATA HD710 PRO 2.5"" MODELO:
AHD710P-4TU31-CBK";computación;componentes;computación,componentes;163,37;HDD4EXT-710;0;;Adata;negro;1.4;si
DISCO DURO PARA LAPTOP 1TB TOSHIBA SERIAL SATA 2.5;laptops;componentes laptops;laptops,componentes laptops;71,71;HDD1TPL-T;4;;Toshiba;;0.1;si
DISCO DURO PARA PC 2TB WESTERN DIGITAL AZUL;computación;componentes;computación,componentes;143,43;HDD-2TAWA;1;;Western;;0.4;si
DISCO DURO PARA PC 3TB WESTERN DIGITAL PURPLE;computación;componentes;computación,componentes;210,57;HDD3TWP;2;;Western;;0.4;si
DISCO DURO SOLIDO 120GB GIGABYTE GP-GSTFS31120GNTD;computación;componentes;computación,componentes;27,59;HDD120SSD;15;;Gigabyte;;0.1;si
DISCO DURO SOLIDO 1TB ADATA ULTIMATE SU650 M.2 2280 SATA 6GB/S;computación;componentes;computación,componentes;147,48;HDD1TB-SU650;4;;Adata;;0.1;si
"DISCO DURO SOLIDO 240GB GIGABYTE GP-GSTFS312400GNTD 2.5""";computación;componentes;computación,componentes;41,99;HDD240SG;6;;Gigabyte;;0.1;si
DISCO DURO SOLIDO 256GB GIGABYTE M.2 GP-GSM2NE3256GNT;computación;componentes;computación,componentes;48,74;HDS-256GM.2;2;;Gigabyte;;0.1;si
"DISCO DURO SOLIDO 480GB GIGABYTE GP-GSTFS314800GNTD 2.5""";computación;componentes;computación,componentes;71,77;HDD480GB;9;;Gigabyte;;0.1;si
DISCO DURO SOLIDO 512GB ADATA SU800 512GT-C M.2;computación;componentes;computación,componentes;95,65;HDD500S-SU800;5;;Adata;;0.1;si
"DISCO DURO SOLIDO 960GB ADATA SU630 6gB/S 2.5""";computación;componentes;computación,componentes;140,29;HDD960S-SU630;2;;Adata;;0.1;si
DISCO DURO SOLIDO EXTERNO 240GB ADATA SD600Q USB 3.2;computación;componentes;computación,componentes;85,51;HDD-SSDEXT240G;5;;Adata;;0.1;si
DISCO DURO SOLIDO EXTERNO 512GB ADATA SD700 USB 3.2;computación;componentes;computación,componentes;107,25;HDD-SSDEXT512GB;1;;Adata;;0.1;si
FUENTE DE PODER 450W GIGABYTE 80 PLUS P450B GAMMING;computación;componentes;computación,componentes;58,23;FUE-GP450B;1;;Gigabyte;negro;2;si
FUENTE DE PODER 500W SATE GOLD PRO 500 80 PLUS GAMING MODULAR 20+4PX1/PERIFERICOSX2/SATAX6/PCI-E P6+2X2/CPU P4+P4X1;computación;componentes;computación,componentes;87,01;FUE-GOLDPRO500;142;;Sate;negro;1.7;si
"FUENTE DE PODER 500W SATE PRO-580 GAMING MODULAR
20+4PX1/PERIFERICOSX2/SATAX4/PCI-E P6+2X2/CPU P4+P4X1";computación;componentes;computación,componentes;53,57;FUE-PRO580;3;;Sate;negro;1.4;si
FUENTE DE PODER 500W SATE PRO-590 RGB GAMING MODULAR 20+4PX1/PERIFERICOSX2/SATAX4/PCI-E P6+2X2/CPU P4+P4X1;computación;componentes;computación,componentes;60,08;FUE-PRO590;37;;Sate;negro;1.4;si
FUENTE DE PODER 750W VANTEC;computación;componentes;computación,componentes;14,19;FUE750W;52;;Vantec;plateado;0.8;si
IMPRESORA EPSON L3210 MULTIFUNCION TINTA CONTINUA;impresoras;tinta continua;impresoras,tinta continua;278,25;IMP-3210;155;"Tecnología de Impresión: Impresión sin cartuchos: Inyección de tinta Heat-FreeTM Micro Piezo de 4 colores (CMYK) (TINTAS INCLUIDAS)
Sistemas de Operación:
Windows Vista® / 7 / 8 / 8.1 / 10 o más reciente (32bit, 64bit)
Windows Server® 2003 (SP2) or later
Mac OS X 10.5.8 o más reciente, macOS 11 o más reciente
CAJA CONTIENE:
Cable de corriente AC
Cable USB
CD con drivers (Windows)
Documentación y garantía";Epson;negro;5.5;si
COMANDO RAZER KISHI PARA ANDROID RZ06-02900100-R3U1;gamer;game pad;gamer,game pad;113,03;CONT-RAZER1241;3;"CONEXIÓN: USB C
NO NECESITA CARGA
3 BOTONES MULTIFUNCIÓN
MODELOS COMPATIBLES:
Samsung Galaxy S8, S8+, S9, S9+, S10, S10+, S20, S20+, S21, S21+, S21 Ultra
Samsung Galaxy Note 8, Note 9, Note 10, Note 10+
Google Pixel 2/2 XL/3/3XL/4/4XL
Razer Phone 1 y 2 (piezas de sujeción disponibles en el servicio de asistencia)
Otros dispositivos dentro de las dimensiones compatibles (145,3 - 163,7 mm x 68,2 - 78,1 mm x 7,0 - 8,8 mm)
DIMENSIONES:
Longitud: 94.3 mm / 3.71""
Ancho: 134.1 mm / 5.28""
Alto (collapsed): 37.3 mm / 1.47""
APLICACIÓN MÓVIL";Razer;negro;0.3;si
COMANDO RAZER KISHI PARA IPHONE  RZ06-03360100-R3U1;gamer;game pad;gamer,game pad;119,76;CONT-RAZER1243;4;"CONEXIÓN: Lightning
NO NECESITA CARGA
3 BOTONES MULTIFUNCIÓN
MODELOS COMPATIBLES:
iPhone 12, 12 Pro, 12 Pro Max
iPhone 11, 11 Pro, 11 Pro Max
iPhone X, XR, XS, XS Max
iPhone 6+, 6s+, 7+, 8+
DIMENSIONES:
Longitud: 94.3 mm / 3.71""
Ancho: 134.1 mm / 5.28""
Alto (collapsed): 37.3 mm / 1.47""
APLICACIÓN MÓVIL";Razer;negro;0.3;si
PARLANTES GENIUS SP-Q160 POWER 6W ;computación;parlantes;computación,parlantes;8,81;PARQ160-IG;1;CONEXIÓN USB;Genius;gris;0.4;si
PARLANTES GENIUS SP-Q160 POWER 6W ;computación;parlantes;computación,parlantes;8,81;PARQ160-O;2;CONEXIÓN USB;Genius;naranja;0.4;si
PARLANTES GENIUS SP-Q160 POWER 6W ;computación;parlantes;computación,parlantes;8,81;PARQ160-R;1;CONEXIÓN USB;Genius;rojo;0.4;si
PARLANTES GENIUS SP-Q180;computación;parlantes;computación,parlantes;9,71;PARQ180-B;18;CONEXIÓN USB;Genius;azul;0.4;si
PARLANTES GENIUS SP-Q180 ;computación;parlantes;computación,parlantes;9,71;PARQ180-IG;18;CONEXIÓN USB;Genius;gris;0.4;si
PARLANTES GENIUS SP-Q180 ;computación;parlantes;computación,parlantes;9,71;PARQ180-O;2;CONEXIÓN USB;Genius;naranja;0.4;si
PARLANTES GENIUS SP-Q180 ;computación;parlantes;computación,parlantes;9,71;PARQ180-R;3;CONEXIÓN USB;Genius;rojo;0.4;si
PARLANTES GENIUS SW-G5.1 3500 ;computación;parlantes;computación,parlantes;114,03;PAR3500;1;"Potencia total (watts)80 W
RMS (watts) Parlante de graves: 30 vatios
secundarios:10 vatios x 5
Unidad de potencia Parlante de graves: 6.5″; 5 Ω
secundarios: 3″; 4 Ω
Frecuencia50 Hz – 20K Hz
Pantalla LED / LCDColorido indicador LED
Dimensiones de Parlante de graves: 230 x 215 x 327 mm y secundarios: 112 x 140 x 99 mm";Genius;negro con rojo;7.3;si
PARLANTES GOLF E-11 3W*2 ;computación;parlantes;computación,parlantes;7,39;HD-E11;1;CONEXIÓN USB;;negro;0.2;
PARLANTES JITENG JT016 3W*2 ;computación;parlantes;computación,parlantes;6,72;HD-JT016;1;CONEXIÓN USB;;blanco;0.2;
PARLANTE 2.0 KLIP XTREME MYSTIK CON CONTROL REMOTO KSB-250;hogar;parlantes hogar;hogar,parlantes hogar;116,54;BS-KSB250;1;"Entrada CA: 100V/240V - 50/60Hz (detección automática)
Iluminación LED: Configuraciones de luces multicolores ajustables
Potencia RMS de referencia: 160W

Parlante satélite:
Unidad del parlante: 57mm por canal (4 en total)
Nivel de presión de sonido (N.P.S.): 92dB con una distorsión armónica total inferior al 1%

Parlante de graves:
Unidad del parlante: 8 pulgadas
Nivel de presión de sonido (N.P.S.): 90dB con menos de un 1% de distorsión armónica total

Tipo de conexión: Compatible con Bluetooth®, RCA y 3.5mm (con adaptador)
Alcance de la señal inalámbrica: 15m

Dimensiones: Parlante: 120x110x415mm (cada uno) Parlante de bajos: 240x350x355mm";Klip Xtreme;negro;5.2;
PARLANTES MINI KLIP XTREME kws-600;hogar;parlantes hogar;hogar,parlantes hogar;24,37;par600;6;CONEXIÓN BLUETOOTH Y BATERÍA RECARGABLE;Klip Xtreme;;0.2;si
PARLANTES SATE S-001 2W ;computación;parlantes;computación,parlantes;6,68;PAR-S001;294;CONEXIÓN USB + PLUG;Sate;negro;0.3;si
PARLANTES TWIN XTRATECH STEREO 2 UNIDADES;hogar;parlantes hogar;hogar,parlantes hogar;44,68;PARBX;2;ESTÉREO - CONEXIÓN BLUETOOTH;Xtratech;negro;0.8;si
PORTÁTIL ACER SPIN 3 SP314-54N-58Q7;laptops;portátiles;laptops,portátiles;8962,4;LAP-ACER-SP314-54N-5;1;" I5-1035G1 1.0GHZ 14"" FHD IPS 8GB
256GB SSD NVMe WIFI BT W10 HOME NX.HQ7AA.009";Acer;plateado;3.1;si
PORTÁTIL ASUS VIVOBOOK 14 F415E ;laptops;portátiles;laptops,portátiles;593,24;LAP-ASUS-I31115;6;"I3-1115G4 14"" FHD 8GB 128GB SSD WIFI
BT W10 HOME SLATE GREY 90NB0TT2-M06750";Asus;slate grey;2.2;si
PORTÁTIL ASUS VIVOBOOK 15 X512JA-211.VBGB ;laptops;portátiles;laptops,portátiles;1080,4;LAP-ASUS-I7-1065;1;"I7-1065G7 1.3GHZ 15.6"" FHD TOUCH 8GB 256GB SSD + 1TB WIFI BT W10 HOME 90NB0QUF-M15120";Asus;slate grey;2.6;si
PORTÁTIL ASUS VIVOBOOK S15 S512FL-NB71;laptops;portátiles;laptops,portátiles;1319,04;LAPI7-S512F;1;" I7-10510U 4.9 GHZ 15.6"" FHD 8GB DDR4 HDD 512GB SSD M.2 T/V 2GB GEFORCE MX250 WIFI BT USB-C";Asus;plateado;2.3;si
PORTÁTIL DYNABOOK TECRA A40-G140ED;laptops;portátiles;laptops,portátiles;437,66;LAP-TOSCELERON;7;" CELERON 5205U 1.9GHZ 14"" 4GB
128GB SSD WIFI BT W10 PRO PMZ20U-008007";Toshiba;negro;2.1;si
PORTÁTIL HP 14-DK1032WM;laptops;portátiles;laptops,portátiles;583,2;LAP-14-DK1032;0;" AMD RYZEN 3 3250U 2.6GHZ 14"" FHD 4GB 128GB SSD M.2 WIFI BT W10 HOME 33K34UA";Hp;plateado;2;si
PORTÁTL HP 14-DQ2045CL;laptops;portátiles;laptops,portátiles;1232,44;LAP-HP-14-DQ2045CL;4;" I7-1165G7 14"" FHD 12GB 512GB SSD TECLADO
RETROILUMINADO WIFI BT W10 HOME 20J11UA#ABA";Hp;platinum grey;2;si
PORTÁTIL HP 14-DQ2055WM;laptops;portátiles;laptops,portátiles;593,43;LAPHPI39K15UA;0;" I3-1115G4 3.0GHZ 14"" FHD 4GB 256GB SSD M.2 WIFI BT W10 HOME 39K15UA#ABA";Hp;plateado;2.1;si
PORTÁTIL HP 15-DY2048NR;laptops;portátiles;laptops,portátiles;1134,11;LAP-HP-I7-1165G7;9;" I7-1165G7 UP TO 4.7GHZ 15.6"" HD 8GB 256GB
SDD INTEL IRIS X GRAPHICS WIFI BT W10 HOME 2Q1H6UA#ABA";Hp;plateado;2.2;si
PORTÁTIL LENOVO IDEAPAD 3  15ITL05;laptops;portátiles;laptops,portátiles;614,02;LAP-LEN81XPG;4; I3-1115G4 3.0GHZ 15.6 FHD 4GB 128GB WIFI BT W11 HOME PLATINUM GREY 81X800EKUS;Lenovo;platinum grey;2.4;si
PORTÁTIL LENOVO IDEAPAD 3 15ITL05;laptops;portátiles;laptops,portátiles;650,26;LAP-LEN81X;15;" I3-1115G4 3.0GHZ 15.6"" FHD 4GB
128GB SSD M.2 WIFI BT W10 HOME ABYSS BLUE 81X80055US";Lenovo;abyss blue;2.4;si
PORTÁTIL LENOVO IDEAPAD 3 15ITL05;laptops;portátiles;laptops,portátiles;614,02;LAP-LEN81XAL;5;" I3-1115G4 3.0GHZ 15.6"" FHD 4GB 128GB SSD WIFI BT W11 HOME  81X800EMUS";Lenovo;almond;2.4;si
PORTÁTIL LENOVO IDEAPAD 3 17IIL05;laptops;portátiles;laptops,portátiles;1149,37;LAP-LENI7-1065;4;" I7-1065G7 1.3GHZ 17.3"" FHD IPS 8GB
256GB SSD WIFI BT W10 HOME  81WF000SUS";Lenovo;abyss blue;2.9;si
PORTÁTIL LENOVO IDEAPAD 5 15ALC05 ;laptops;portátiles;laptops,portátiles;1049,25;LAP-LENRYZEN782L;0;"AMD RYZEN 7 5700U 1.8 GHZ 15.6"" FHD IPS 8GB 512GB SSD WIFI BT W10 HOME  82LN006CUS";Lenovo;abyss blue;2.4;si
PORTÁTIL LENOVO LEGION 5 15ARH05;laptops;portátiles;laptops,portátiles;1246,96;LAP-LENRZ5-82B;5;" AMD RYZEN 5 4600H 3.0 GZ 15.6"" FHD IPS 8GB 1TB + 256GB SSD T/V 4GB NVIDIA GEFORCE GTX 1650TI W10 HOME";Lenovo;negro;4.4;si
PORTÁTIL LENOVO LEGION 5 17ACH6 ;laptops;portátiles;laptops,portátiles;1167,94;LAP-RYZEN5-17;6;"AMD RYZEN 5 5600H 3.3GHZ 17.3"" FHD IPS 144HZ 8GB 256GB SSD T/V 4GB NVIDIA GEFORCE GTX 1650 WIFI BT W11";Lenovo;negro;4.8;si
PORTÁTIL LENOVO YOGA 7 15ITL5;laptops;portátiles;laptops,portátiles;1037,99;LAP-LENOVO-YOGA7-15I;1;" I5-1135G7 2.4GHZ 15.6"" FHD IPS TOUCH
8GB 256GB SSD W10 HOME 82BJ0001US";Lenovo;slate grey;2.8;si
"ROUTER TPLINK 2 ANTENAS TL-WR844N INALAMBRICO MULTIMODO 300
MBPS";redes;router;redes,router;20,03;ROU-844N;5;"Wi-Fi de Alta Velocidad - La velocidad de transmisión inalámbrica de 300 Mbps es ideal tanto para tareas sensibles al ancho de banda como para trabajos básicos.
Cobertura Mejorada - Dos antenas omnidireccionales y 2 × 2 MIMO brindan una fuerte señal Wi-Fi y conexiones confiables.
Multimodo 4 en 1 - Admite los modos Router, Access Point, Range Extender y WISP para satisfacer cualquier necesidad de red.
Controles Parental - Administra cuándo y cómo los dispositivos conectados pueden acceder a Internet.
Red de Invitados -  Proporciona acceso independiente para invitados mientras protege la red del host.
Transmisión HD Fluida - Admite IGMP Proxy / Snooping, Bridge y Tag VLAN para optimizar la transmisión de IPTV.
Compatible con IPv6 - Compatible con IPv6 (la última versión 6 del Protocolo de Internet).";Tplink;blanco;0.4;si
ROUTER TPLINK 3 ANTENAS TL-WR940N INALAMBRICO 450MBPS;redes;router;redes,router;28,37;ROU940T-450;6;"Velocidad inalámbrica ideal de 450 Mbps para las aplicaciones sensibles como la interrupción de difusión de video HD
Tres antenas inalámbricas incrementan la red robusta y estabilidad
Encriptado fácil de la seguridad inalámbrica sólo presionando el botón QSS
Control de ancho de banda basado en IP permite a los administradores determinar la cantidad de ancho de banda asignado a cada PC
​*la velocidad inalámbrica 450Mbps es solamente paa el TL-WR940N V3 mientras que las versiones anteriores son 300Mbps.";Tplink;negro;0.6;si
ROUTER TPLINK 4 ANTENAS ARCHER C64 INALÁMBRICO AC1200 MU-MIMO;redes;router;redes,router;54,22;ROU-C64A;3;"Admite el estándar 802.11ac
Conexiones simultáneas de 2.4GHz 300 Mbps y 5GHz 867 Mbps para 1200 Mbps de ancho de banda total disponible
4 antenas externas y una antena interna proporcionan conexiones inalámbricas estables y una cobertura óptima
Fácil administración de la red al alcance de su mano con TP-Link Tether
MU-MIMO logra el doble de eficiencia al comunicarse con hasta 2 dispositivos a la vez
La tecnología Beamforming ofrece una cobertura inalámbrica más amplia
Admite el modo de punto de acceso para crear un nuevo punto de acceso Wi-Fi";Tplink;negro;0.6;si
COMBO 4 EN 1 REDRAGON GAMING ESSENTIALS S101-BA-2-SP ;gamer;kits gamers;gamer,kits gamers;60,02;KIT-REDRAGONS101-BA-;25;"MOUSE PAD: Gamuza de silk
Parte inferior antideslizante con goma espuma
HEADSET: Sensibilidad 103dB
Cable 2m - Plug 3.5mm
Mic: -45 +- 3dB
TECLADO RGB: 104 Teclas estándar
A prueba de salpicaduras
MOUSE:  3200 DPI (Ajustable)
3600 FPS - 5 Botones 
";Redragon;negro;1.6;si
COMBO RAZER BUNDLE  RZ85-02741400-B311;gamer;kits gamers;gamer,kits gamers;114,5;TEC+MOU+PAD-RZ1276;2;"Teclado para juegos Cynosa Lite
Mouse para juegos Viper Mini
Mouse Pad Mediano Gigantus v2";Razer;negro;2.1;si
 GENIUS INALÁMBRICO KM-8100 BLACK SP;computación;kits;computación,kits;20,17;TEC-8100;4;INALÁMBRICO: TECLADO + MOUSE;Genius;negro;0.7;si
KIT GENIUS INALÁMBRICO KM-8200 BLACK SP;computación;kits;computación,kits;20,14;TECKM-8200;33;INALÁMBRICO: TECLADO + MOUSE;Genius;negro;0.6;si
KIT GENIUS KM-160 USB;computación;kits;computación,kits;12,96;TECKM-160;1;TECLADO + MOUSE;Genius;negro;0.8;si
KIT GENIUS SLIMSTAR C126 USB ;computación;kits;computación,kits;13,82;TEC-C126;6;TECLADO + MOUSE;Genius;negro;0.6;si
KIT GENIUS SMART KM-200 USB ;computación;kits;computación,kits;13,13;TEC-KM200;20;TECLADO + MOUSE;Genius;negro;0.8;si
KIT LOGITECH K400 PLUS TOUCH INALÁMBRICO ;computación;kits;computación,kits;34,36;TECK400L;1;INALÁMBRICO: TECLADO CON MOUSE INTEGRADO;Logitech;negro;0.5;si
KIT LOGITECH MK220 INALÁMBRICO;computación;kits;computación,kits;31,08;TEC220;3;INALÁMBRICO: TECLADO + MOUSE;Logitech;negro;;si
KIT LOGITECH MK270 INALÁMBRICO;computación;kits;computación,kits;32,22;TECL270;25;INALÁMBRICO: TECLADO + MOUSE;Logitech;negro;0.7;si
KIT WEIBO WB-710 USB GAMING MECÁNICO;gamer;kits gamers;gamer,kits gamers;21,5;tecom-wei;3;TECLADO MECÁNICO + MOUSE;Weibo;translúcido;0.6;
TECLADO GENIUS LUXEMATE 100 USB;computación;teclados;computación,teclados;9,3;TEC100L;27;;Genius;negro;0.4;si
TECLADO GENIUS SLIMSTAR 126 MULTIMEDIA USB;computación;teclados;computación,teclados;9,71;TEC126;1;;Genius;negro;0.3;si
TECLADO GENIUS SMART KB-100 USB;computación;teclados;computación,teclados;8,94;TECKB-100;68;;Genius;negro;0.5;si
TECLADO LOGITECH K120 USB ;computación;teclados;computación,teclados;15,16;TECL120;1;;Logitech;negro;0.7;si
TECLADO LOGITECH K270 INALÁMBRICO;computación;teclados;computación,teclados;24,68;TEC-270I;0;"Duración de pilas de hasta 24 meses
diseño a prueba de salpicaduras
 El K270 se suministra con un receptor USB Logitech Unifying que te permite emparejar hasta seis dispositivos Logitech compatibles
Compatibilidad:
Windows® 10,11 o posterior
Conexión USB: Requiere puerto USB disponible.";Logitech;negro;0.3;si
TECLADO LOGITECH K380 BLUETOOTH MULTIDISPOSITIVO;computación;teclados;computación,teclados;41,83;TEC-K830;1;"Batería: 2 x AAA
Batería: 24 meses
ESPECIFICACIONES TÉCNICAS
Tipo de conexión: Bluetooth Classic (3.0)
Radio de acción inalámbrico: 10 m 2
El radio de acción inalámbrico depende de las condiciones del entorno y de los dispositivos
COMPATIBILIDAD
Dispositivos Bluetooth con:
Windows 10,11 o posterior
MacOS 10.15 o posteriores
iPadOS 13.1 o posteriores
iOS 11 o posteriores
Chrome OS
Android 7 o posteriores
Funciona con Surface";Logitech;blanco;0.5;si
TECLADO NUMÉRICO GENIUS NUMPAD 100 USB ;computación;teclados;computación,teclados;8,98;tec110nu;3;;Genius;negro;0.2;si
"TECLADO RAZER CYNOSA LITE ESSENTIAL 
RZ03-02741600-R311";gamer;teclados gamers;gamer,teclados gamers;47,26;TEC-RAZER1240;3;"CONEXIÓN USB
TECLADO DE MEMBRANA
IDIOMA: ESPAÑOL
Compatible con Razer Synapse 3. 
Iluminación Chroma de una sola zona
Teclas programables con grabación de macros
Diseño duradero y resistente a las salpicaduras. 
Zona de retroiluminación única Razer Chroma™ con 16,8 millones de opciones de color personalizables. ";Razer;negro;1.2;si
TECLADO RAZER ORNATA CHROMA RZ03-02040200-R3U1;gamer;teclados gamers;gamer,teclados gamers;127,4;TEC-RO;1;"CONEXIÓN USB
IDIOMA: ESPAÑOL
COMPATIBLE RAZER SYNAPSE
TECLAS PROGRAMABLES
TECLADO HÍBRIDO: MEMBRANA Y MECÁNICO
TECNOLOGÍA CHROMA
INCLUYE REPOSA MUÑECA";Razer;negro;1.7;si
TECLADO REDRAGON HARPE PRO K503A-RGB ;gamer;teclados gamers;gamer,teclados gamers;30,99;TEC-REDRAGONK503A-RG;7;"FULL SIZE - RGB
IDIOMA: Inglés
TIPO DE TECLADO: Membrana
BLOQUEO DE TECLA WINDOWS
ANTISAPILCADURAS
CABLE: Goma, reforzado. Soporta 12 kg y 10000 flexiones. USB enchapado en oro.";Redragon;negro;0.9;si
TECLADO SATE AK-910 USB ;computación;teclados;computación,teclados;8,49;TEC-AK910;131;;Sate;negro;0.5;si
TECLADO SATE GAMING AK-837 USB ;gamer;teclados gamers;gamer,teclados gamers;12,14;TEC-AK837;4;USB CABLE 1.80M;Sate;negro;0.9;si
TECLADO USB FLEXIBLE;computación;teclados;computación,teclados;11,34;HD-TCL-FLEX;1;USB;;negro;0.2;
"MONITOR LG 19.5"" LED 20MK400H-B ";computación;monitores;computación,monitores;163,77;MON19-20MK400HB;10;"HDMI (CABLE INCLUIDO)
Sin parpadeo
Sincronización dinámica de acciones
Estabilizador de negros
OnScreen Control
Tiempo de respuesta 2 ms
Resolución: 1366 x 768
Ahorro de energía inteligente
Modo imagen Personalizada, Lectura, Debilidad de colores, Foto, Cine, Juego";Lg;negro;3.2;si
"MONITOR SAMSUNG 18.5"" S19A330NHL";computación;monitores;computación,monitores;186,85;MON-SAM18.5;1051;"Resolución: 1366X768
Tiempo de respuesta: 5 (GTG)ms
Modo ahorro
HDMI (INCLUYE CABLE)
VGA";Samsung;negro;3;si
"MONITOR SAMSUNG 24"" CURVED C24T550FDL";computación;monitores;computación,monitores;418,44;MON-SAM24;3;"RESOLUCIÓN 1920x1080 - 75 Hz
TIEMPO DE RESPUESTA: 4ms
HDMI (INCLUYE CABLE)
DISPLAY PORT
VGA";Samsung;negro;5.5;si
"MONITOR VIEWSONIC 18.5"" LED VA1903H";computación;monitores;computación,monitores;164,35;MONVA1903H;10;"MODELO: LED VA1903H
PUERTOS: HDMI-VGA
RESOLUCIÓN: (1366x768)
INCLUYE CABLE VGA";Viewsonic;negro;3;si
KIT GAMER REDRAGON M601WL-BA;gamer;kits gamers;gamer,kits gamers;19,62;MOU-PADREDRAGONM601W;9;"MOUSE CENTROPHORUS WIRELESS:
DPI de 400 a 3200.
Cantidad Botones: 6 botones.
TIpo de agarre: Palm, Claw, Fingertip.
Orientación: Ambidiestro.
Conexión: Inalámbrica 2.4 Ghz con Dongle USB.
Modelo Sensor: Pixart 3317 óptico.
Switches: Omron/20 millones de clicks.
Retroiluminación: Si, roja.
Frecuencia de respuesta: 500Hz.
MOUSE PAD PISCES:
Doble Costura.
Deslizamiento tipo Speed.
Base antideslizante de caucho.
Integramente lavable y resistente al agua.
Optimizado para todos los sensores.
Tipo deslizamiento: Tela entrelazada fibras de seda";Redragon;negro con rojo;0.3;si
MOUSE GENIUS 915 TRAVELER LASER INALÁMBRICO;computación;mouses;computación,mouses;26,15;mou915;2;"Tecnología de batería: Alcalino
Tipo de batería: AAA
Numero de baterías soportadas: 1
Cantidad de botones: 4
Frecuencia de banda: 2.4 GHz";Genius;negro;0.3;si
MOUSE GENIUS DX-110 G5 ;computación;mouses;computación,mouses;4,2;MOU110AZ;12;CONECTOR USB;Genius;azul;0.1;si
MOUSE GENIUS DX-110 G5 ;computación;mouses;computación,mouses;4,12;MOU110N;50;CONECTOR USB;Genius;negro;0.1;si
MOUSE GENIUS ECO-8100 INALÁMBRICO RECARGABLE;computación;mouses;computación,mouses;16,68;MOU8100R;0;"Cantidad de botones: Tres
Frecuencia RF: 2.4 GHz
Tipo de batería: Bateria NiMH recargable(Antes del primer uso, cargue completamente la batería durante 10 horas ininterrumpidas.)
Compatible con sistema operativo: Windows® 7, 8, 8.1, 10 / Mac OS X 10.8 o superior";Genius;negro;0.1;si
MOUSE GENIUS GX GAMING SCORPION M8-610;gamer;mouses gamers;gamer,mouses gamers;42,16;MOU610G;19;"6 botones: asigne hasta 24 teclas macro programables.
Sensibilidad de hasta 5 pasos entre 800 y adaptable en el set: resolución 8200 DPI
Máxima precisión: potente sensor láser con cuidado.
Placa sin esfuerzo: inserciones laterales de goma para un mejor agarre.
Fácil instalación: Smart Genius App libre para adaptarse a tus necesidades";Genius;negro;0.4;si
MOUSE GENIUS MICRO TRAVELER ;computación;mouses;computación,mouses;7,77;MOU-MTB;12;CONECTOR USB CON CABLE FLEXIBLE;Genius;blanco;0.1;si
MOUSE GENIUS MICRO TRAVELER ;computación;mouses;computación,mouses;7,77;MOU-MTN;13;CONECTOR USB CON CABLE FLEXIBLE;Genius;negro;0.1;si
MOUSE GENIUS MICRO TRAVELER ;computación;mouses;computación,mouses;7,77;MOU-MTR;12;CONECTOR USB CON CABLE FLEXIBLE;Genius;ruby;0.1;si
MOUSE GENIUS MICRO TRAVELER ;computación;mouses;computación,mouses;7,77;MOU-MTS;14;CONECTOR USB CON CABLE FLEXIBLE;Genius;silver;0.1;si
MOUSE GENIUS NX-7000 INALÁMBRICO;computación;mouses;computación,mouses;8,46;MOU7000N;20;"RF 2.4GHZ
PILA AA
COMPATIBLE: WINDOWS Y MAC";Genius;negro - azul;0.1;si
MOUSE GENIUS X-G200 PARA GAMER;gamer;mouses gamers;gamer,mouses gamers;7,16;MOUXG200N;10;"CONECTOR USB.
Posee rueda de desplazamiento.
Cuenta con 3 botones para un mayor control.
Con luces para mejorar la experiencia de uso.
Con sensor óptico.
Resolución de 1000dpi.
Creado para llevar a todas partes.
Control inteligente y navegación fácil.";Genius;negro;0.1;si
MOUSE KLIP XTREME KMO-111 ;computación;mouses;computación,mouses;6,29;MOU111K;4;"Sensor óptico de 1000/1600dpi
Práctica rueda central con modalidad ultrarrápida y gradual de navegación
Conexión USB
La configuración automática plug-and-play simpli ca la integración del mouse: ¡basta con conectarlo a tu computadora para comenzar a navegar de inmediato!
Diseño ergonómico con laterales estriados para mejor adherencia";Klip Xtreme;plateado;0.1;
MOUSE LOGITECH M100 ;computación;mouses;computación,mouses;8,37;MOU100ML;7;CONEXIÓN USB;Logitech;negro;0.1;si
MOUSE LOGITECH M110 SILENT ;computación;mouses;computación,mouses;9,49;MOU-110AZ;4;CONEXIÓN USB;Logitech;azul;0.1;si
MOUSE LOGITECH M110 SILENT ;computación;mouses;computación,mouses;9,26;MOUL110L;2;CONEXIÓN USB;Logitech;negro;0.1;si
MOUSE LOGITECH M170 INALÁMBRICO;computación;mouses;computación,mouses;12,25;MOU170LA;3;"Tecnología de sensor
Seguimiento óptico uniforme
DPI (mín./máx.): 1000±
Botones
Número de botones: 3 (click izquierdo/derecho, click de botón central)
Batería
Batería: 12 meses 6La duración de las baterías depende del uso y de los dispositivos
Detalles de batería: 1 x AAA (incluida)
Conectividad
Tipo de conexión: Conexión inalámbrica de 2.4 GHz
Radio de acción inalámbrico: 10 m 7El radio de acción inalámbrico depende del usuario, las condiciones del entorno y de los dispositivos.
Conexión / Encendido: Sí, interruptor de encendido/apagado
REQUISITOS DEL SISTEMA
USB Receiver
Requiere: Puerto USB disponible
Windows ® 10,11 o posterior
macOS 10.8 o posterior
Chrome OS™
Linux Kernel 2.6+
CONTENIDO DE LA CAJA
Mouse inalámbrico
Receptor USB
1 batería AA (preinstalada)
Documentación del usuario";Logitech;azul;0.1;si
MOUSE LOGITECH M170 INALÁMBRICO ;computación;mouses;computación,mouses;12,25;MOU170PL;1;"Tecnología de sensor
Seguimiento óptico uniforme
DPI (mín./máx.): 1000±
Botones
Número de botones: 3 (click izquierdo/derecho, click de botón central)
Batería
Batería: 12 meses 6La duración de las baterías depende del uso y de los dispositivos
Detalles de batería: 1 x AAA (incluida)
Conectividad
Tipo de conexión: Conexión inalámbrica de 2.4 GHz
Radio de acción inalámbrico: 10 m 7El radio de acción inalámbrico depende del usuario, las condiciones del entorno y de los dispositivos.
Conexión / Encendido: Sí, interruptor de encendido/apagado
REQUISITOS DEL SISTEMA
USB Receiver
Requiere: Puerto USB disponible
Windows ® 10,11 o posterior
macOS 10.8 o posterior
Chrome OS™
Linux Kernel 2.6+
CONTENIDO DE LA CAJA
Mouse inalámbrico
Receptor USB
1 batería AA (preinstalada)
Documentación del usuario";Logitech;plateado;0.1;si
MOUSE LOGITECH M170 INALÁMBRICO ;computación;mouses;computación,mouses;12,25;MOU170LR;3;"Tecnología de sensor
Seguimiento óptico uniforme
DPI (mín./máx.): 1000±
Botones
Número de botones: 3 (click izquierdo/derecho, click de botón central)
Batería
Batería: 12 meses 6La duración de las baterías depende del uso y de los dispositivos
Detalles de batería: 1 x AAA (incluida)
Conectividad
Tipo de conexión: Conexión inalámbrica de 2.4 GHz
Radio de acción inalámbrico: 10 m 7El radio de acción inalámbrico depende del usuario, las condiciones del entorno y de los dispositivos.
Conexión / Encendido: Sí, interruptor de encendido/apagado
REQUISITOS DEL SISTEMA
USB Receiver
Requiere: Puerto USB disponible
Windows ® 10,11 o posterior
macOS 10.8 o posterior
Chrome OS™
Linux Kernel 2.6+
CONTENIDO DE LA CAJA
Mouse inalámbrico
Receptor USB
1 batería AA (preinstalada)
Documentación del usuario";Logitech;rojo;0.1;si
MOUSE MICROSOFT BLUETOOTH 3600;computación;mouses;computación,mouses;34,4;MOU3600MR;3;"Diseño compacto para una máxima portabilidad.
Rueda de desplazamiento en 4 direcciones: Rueda de desplazamiento en 4 direcciones para navegar hacia arriba, abajo, a la izquierda y a la derecha.
BlueTrack Technology®: Combina la potencia de la tecnología óptica con la precisión de la tecnología láser para poder realizar un seguimiento destacado en prácticamente cualquier superficie.
Cómodo para ambas manos: Use el ratón con la mano derecha o la izquierda. El diseño ambidiestro proporciona comodidad en cualquier dirección.
Bluetooth Smart: Experiencia inalámbrica fiable que utiliza lo último en tecnología Bluetooth 4.0.
Duración de la pila de hasta 12 meses.
Requisitos del sistema
Equipo/Sistema operativo: Windows 10/8, Mac OS X 10.10.3, Android 4.4.2, 5.0.
Disco duro: Las características personalizables de Windows requieren el software Centro de Mouse y Teclado (150 MB de descarga de software) y la última actualización de Windows
Otros: El dispositivo debe ser compatible con Bluetooth® 4.0 (o superior). 1 pila alcalina tipo AA (incluida).";Microsoft;rojo;0.2;si
MOUSE MICROSOFT ÓPTICO CON ADAPTADOR PS2 MOD;computación;mouses;computación,mouses;9,84;MOU-PS2M;3;USB CON ADAPTADOR PS2 MOD. 1113 PART. # 4YH-00005;Microsoft;negro;0.2;si
MOUSE NITRON USB ERGONOMICO 14-02-030 ;computación;mouses;computación,mouses;12,85;MOU-N030;2;"Alámbrico. Longitud del cable: 1,8 M
Compatible con Windows, Mac y Linux.
DPI Intercambiable entre 800 - 1200 - 1600
5 botones
Conector: USB 2.0
Material: ABS";Nitron;negro;0.1;
MOUSE PAD GAMING REDRAGON FLICK P030 M;gamer;mouse pads gamers;gamer,mouse pads gamers;11,55;MOUPAD-REDRAGONP030;15; MEDIDAS (270X320X3mm);Redragon;negro;0.2;si
MOUSE PAD GAMING REDRAGON FLICK P031 L;gamer;mouse pads gamers;gamer,mouse pads gamers;14,83;MOUPAD-REDRAGONP031;14;  MEDIDAS (400X450X4mm);Redragon;negro;0.6;si
MOUSE PAD GAMING REDRAGON FLICK P032 XL;gamer;mouse pads gamers;gamer,mouse pads gamers;19,14;MOUPAD-REDAGONP032;1;  MEDIDAS (400X900X4mm);Redragon;negro;1.1;si
MOUSE PAD RAZER INVICTA GUNMETAL DUAL-SISED RZ02-00860300-R3M1 ;gamer;mouse pads gamers;gamer,mouse pads gamers;79,5;MOURZIN;1;CASE PROTECTOR, BASE ANTIDEZLIZANTE, MOUSE PAD DOBLE CARA;Razer;negro;2;si
MOUSE PAD RAZER INVICTA MERCURY DUAL-SISED RZ02-00860200-R3M1;gamer;mouse pads gamers;gamer,mouse pads gamers;79,5;MOURZIBL;1;CASE PROTECTOR, BASE ANTIDEZLIZANTE, MOUSE PAD DOBLE CARA;Razer;blanco;2;si
MOUSE PAD GAMING MARVO G35 XL;gamer;mouse pads gamers;gamer,mouse pads gamers;12,21;MOUPAD-G35;1;MEDIDAS 920X294X3mm;Marvo;azul con negro;0.6;si
MOUSE PAD GAMING MARVO G37 XL;gamer;mouse pads gamers;gamer,mouse pads gamers;12,21;MOUPAD-G37;1;MEDIDAS 920X294X3mm;Marvo;negro con rojo;0.6;si
MOUSE RAZER BASILISK X HYPERSPEED DUAL RZ01-03150100-R3U1;gamer;mouses gamers;gamer,mouses gamers;72,15;MOU-RAZER1223;2;"SENSOR ÓPTICO AVANZADO RAZER™ 5G
16 000DPI sensor óptico de
450IPS velocidad de rastreo de
Hasta 40G de aceleración
BATERÍA DE DURACIÓN EXTREMA
Hasta 450horas en modo Bluetooth
Hasta 285horas en modo HyperSpeed Wireless
6 BOTONES PROGRAMABLES
Memoria integrada: Perfil de memoria integrada
Switches mecánicos para ratones Razer™ con una duración de hasta 50 millones de clics";Razer;negro;0.2;si
MOUSE RAZER DEATHADDER ESSENTIAL 6400 DPI RZ01-02540100-R3U1;gamer;mouses gamers;gamer,mouses gamers;38,36;MOU-RAZER1164;1;"CONECTOR USB
DPI RATÓN 6400DPI
ERGONOMÍA PARA DIESTROS
ILUMINACIÓN RGB: Iluminación de un solo color (verde)
5 Botones
COMPATIBILIDAD
Windows e IOS
Longitud del cable: 1.8 metros";Razer;negro;0.2;si
MOUSE RAZER DEATHADDER V2 MINI RZ01-03340100-R3U1;gamer;mouses gamers;gamer,mouses gamers;39,89;MOU-RAZER1244;1;"SENSOR ÓPTICO DE 8500 PPP
6 BOTONES PROGRAMABLES
BASE DEL RATÓN COMPUESTA EN UN 100 % DE TEFLÓN
PERFIL DE MEMORIA INTEGRADA
Razer™ Optical Mouse Switches
Cable Razer™ Speedflex";Razer;negro;0.1;si
KIT RAZER MAMBA + FIREFLY HYPERFLUX RZ83-02480100-B3U1;gamer;kits gamers;gamer,kits gamers;328,15;MOU-PAPMAFI;1;"MOUSE RAZER MAMBA
MOUSE PAD RAZER FIREFLY
Tecnología de energía inalámbrica Razer HyperFlux
Ratón de juegos inalámbrico ultraligero
Sensor óptico verdadero de 16,000 DPI 5G
Doble superficie de tela dura y de tela
Advertencia: no coloque el producto sobre superficies metálicas o dentro de un metro de un enrutador wifi. No coloque teléfonos celulares u objetos metálicos sobre el producto.";Razer;negro;1.5;si
MOUSE RAZER NAGA X MMO  RZ01-03590100-R3U1;gamer;mouses gamers;gamer,mouses gamers;87,62;MOU-RAZER1305;9;"CONECTIVIDAD: USB Alámbrico - Razer™ Speedflex Cable
ILUMINACIÓN RGB: Razer Chroma™ RGB
MAX SENSITIVITY (DPI): 18000
BOTONES PROGRAMABLES: 16
SWITCH TYPE: Ópticos
SWITCH LIFECYCLE: 70 millones de clicks
MOUSE FEET: Base del ratón de Teflón 100 %";Razer;negro;0.2;si
MOUSE REDRAGON GAMING COBRA M711 RGB;gamer;mouses gamers;gamer,mouses gamers;34,04;MOU-REDRAGONM711;15;"CONEXIÓN: cableado USB.
BOTONES PROGRAMABLES: 8.
CABLE: mallado de 1,8 m.
MODELO DE SENSOR: Pixart P3360 óptico.
RETROILUMINACIÓN: sí, RGB Chroma.
DPI MÍNIMO: 100.
DPI MÁXIMO: 24.000";Redragon;negro;0.2;si
MOUSE SATE A-32 ;computación;mouses;computación,mouses;6,52;MOU-A-32;7;CONECTOR USB;Sate;negro;0.1;si
MOUSE SATE A-33 ;computación;mouses;computación,mouses;5,01;MOU-A-33;119;CONECTOR USB;Sate;negro;0.1;si
MOUSE SATE A-40 ÓPTICO ;computación;mouses;computación,mouses;4,46;MOU-A-40;44;CONECTOR USB;Sate;negro;0.1;si
MOUSE SATE A-41 ÓPTICO;computación;mouses;computación,mouses;4,46;MOU-A-41;87;CONECTOR USB;Sate;negro;0.1;si
MOUSE SATE A-501 ERGONÓMICO ;computación;mouses;computación,mouses;4,26;MOU-A-501;9;CONECTOR USB;Sate;negro;0.1;si
MOUSE SATE A-69G INALÁMBRICO ;computación;mouses;computación,mouses;5,2;MOU-A-69G;5;"Sensor óptico de 1200 DPI 
4 botones y scroll
Conexión: Receptor USB inalámbrico 2.4GHz
Vida útil: 10 millones de clicks
Bateria: 2 x AAA
Distancia máxima: 6 a 10 metros
Compatibilidad de OS: Win98, Me, NT4.0, 2000, XP, Vista, Win7, Win8, Win10, Linux, MAC OS 10.4 o mas adelante";Sate;negro;0.1;si
MOUSE SATE A-71G INALÁMBRICO;computación;mouses;computación,mouses;5,2;MOU-A-71G;68;"Sensor óptico de 800 / 1200 / 1600 DPI 
4 botones y scroll
Conexión: Receptor USB inalámbrico 2.4GHz
Vida útil: 10 millones de clicks
Bateria: 2 x AAA
Distancia máxima: 6 a 10 metros
Compatibilidad de OS: Win98, Me, NT4.0, 2000, XP, Vista, Win7, Win8, Win10, Linux, MAC OS 10.4 o mas adelante
";Sate;negro;0.1;si
MOUSE SATE A-72G INALÁMBRICO ;computación;mouses;computación,mouses;6,52;MOU-A-72G;266;"4 BOTONES
RESOLUCIÓN ÓPTICA: 1000, 1200, 1600 DPI
USB – se suministra con el transceptor USB nano
";Sate;negro;0.1;si
MOUSE X3017 ;computación;mouses;computación,mouses;3,74;MOU-3017;12;CONEXIÓN USB;;negro;0.1;
MOUSE XTRATECH M193 ;computación;mouses;computación,mouses;5,6;MOU193N;34;CONEXIÓN USB;Xtratech;negro;0.1;si
PARLANTE ANKER BLUETOOTH PREMIUM STEREO A3143H11;hogar;parlantes hogar;hogar,parlantes hogar;833,93;PARK143N;1;"Inalámbrico
Bluetooth 4.0 de hasta 20 mts de rango
Hasta aprox. 8 Horas de musica continua
5 W de Sonido con subwoofer pasivo en un formato compacto, gran volumen, bajos y claridad de sonido.
Exterior de Aluminio Premium Entrada Auxiliar, SD y Radio Fm.
Micrófono incorporado, con Noise Cancelling para recepción de llamados de forma inalámbrica 
Entrada: SDRadio: FM incorporada.
Bluetooth: 4.0
Rango: hasta 20 mts";Anker;negro;0.8;si
PARLANTE BLUETOOTH SPEAKER 2.1  CON CONTROL REMOTO;hogar;parlantes hogar;hogar,parlantes hogar;21,96;PAR2.1AZ;1;"Bluetooth
Soporte tarjeta Micro SD
Radio FM
Energía por USB 5V
Extreme Bass Tumer
Salida: 5W + 3Wx2 (RMS)
Impedancia: 4 ohmios
Unidad de altavoz: 3 ""+2"" x 2
Altavoz de graves mejorado
INCLUYE:
Bajo + 2 Parlantes
Control Remoto
Caja Manual";;azul con negro;0.6;
PARLANTE E-02A PARA PC;computación;parlantes;computación,parlantes;6,72;HD-E02A;1;"Dos Speaker
Output power : 5W
Frecuencia: 90Hz - 20KHz
Sensibilidad: 80db +/- 2 db
SNR >= 80dB
Distorsión : <= 0.3%";;negro;0.3;
PARLANTE GENIUS SOUND BAR 100 ;computación;parlantes;computación,parlantes;11,86;PAR-SB100;16;"CONEXIÓN: USB
POTENCIA: 6W";Genius;negro;0.6;si
PARLANTE HARMAN KARDON OMNI 10+ HKOMNI10PLWHTAM 2X25W;hogar;parlantes hogar;hogar,parlantes hogar;186,22;parob;1;"Altavoz con Bluetooth y WiFi.
Sistema de audio de alta definición.
Llena tu habitación con frecuencias puras y nítidas de sonido.
Posibilidad de configurar varios altavoces y disfrutar del sonido inalámbrico con un solo botón.
Conexión Aux-in.
Diseño elegante e innovador.
Control por medio de app Harman Kardon.
Admite transmisión de audio HD.
Respuesta en frecuencia 52Hz-20000Hz.
Potencia de 25W en woofer y 25W en tweeter.
Conexión 110V.";Harman Kardon;blanco;2.4;si
PARLANTE HARMAN KARDON OMNI 20+ HKOMNI20PLBLKAM 4X15W ;hogar;parlantes hogar;hogar,parlantes hogar;260,61;paron;1;"Altavoz con Bluetooth y WiFi.
Sistema de audio de alta definición.
Llena tu habitación con frecuencias puras y nítidas de sonido.
Posibilidad de configurar varios altavoces y disfrutar del sonido inalámbrico con un solo botón.
Conexión Aux-in.
Diseño elegante e innovador.
Control por medio de app Harman Kardon.
Conexión a corriente 110V.
Admite transmisión de audio HD.
Respuesta en frecuencia 52Hz-20000Hz.
Potencia de 60W";Harman Kardon;negro;3.4;si
PARLANTE JBL GO2;hogar;parlantes hogar;hogar,parlantes hogar;37,58;PARJBLGO2N;3;"Inalámbrico y portátil
Potencia de salida 6w
Apto para uso en exteriores
Conexión Bluetooth y entrada jack disponible.
Resistente al agua
Posee manos libres
Dimensiones: 71.2mm x 86.0mm x 31.6mm
Respuesta de frecuencia: 180Hz 20kHz
Tiempo de carga de la batería: 2.5 horas
Autonomía: 5 horas dependiendo de la variación del volumen y el contenido de audio";Jbl;negro;0.3;si
PARLANTE JBL XTREME 2;hogar;parlantes hogar;hogar,parlantes hogar;339,16;PARJBL-XTREME2N;36;"Inalámbrico, batería recargable
Resistente al agua
Versión Bluetooth4.2
Tiempo de reproducción de música aprox. 15h
Potencia de salida2 x 20W RMS Bi-amp
Respuesta de frecuencia dinámica55Hz–20kHz
Dimensiones (cm)28.7 x 13.7 x 10.7
Tipo de batería: Lithium-ion Polymer 36Wh
Tiempo de carga (hrs): 3.5
Disponible para JBL Connect+
Incluye USB para carga de dispositivos móviles
Posee Manos libres
";Jbl;negro;3.3;si
PARLANTE MAJESTIC MINI BTS-06 ;hogar;parlantes hogar;hogar,parlantes hogar;7,77;PAR-MAVC;1;"POTENCIA: 3W Compatible con: iPhone,iPod,Ordenador portátil,Teléfono móvil,MP3,MP4,MP5,PC,PSP,Tablet PC
Soportes: Bluetooth,Llamadas manos libres,Micrófono,Control de volumen
Funciones: Estéreo
Conexión: Buetooth
Interfaz de: Micro USB, puerto de carga de alimentación
Fuente de audio: Dispositivos habilitados para Bluetooth
Material: Metal, caucho
Tensión de carga: DC 5V
Entrada: CC 5V/100-120mA
Tiempo de carga: 3 horas
Tiempo de duración: 70 minutos
Capacidad de la batería: 400mAh";Majestic;rosado;0.1;
PARLANTE MINI XTECH XBS-600OR ;hogar;parlantes hogar;hogar,parlantes hogar;11,16;PARMINI600N;1;"POTENCIA: 6W
CONEXIÓN: BLUETOOTH";;naranja;0.2;
PARLANTES GENIUS SP-HF180;computación;parlantes;computación,parlantes;9,49;PAR-SP-HF180MAD;13;"Potencia máxima 3w c/parlante
Conector: USB
Control de volumen
Entrada de audio: 3.5 mm
Longitud de cable: 1.2m
Dimensiones: 84 x 129 x 84 mm
Requisitos del sistema: ordenadores Windows® o Mac OS o los ordenadores portátiles / tabletas o smartphones / reproductores de MP3";Genius;diseño madera con negro;0.8;si
PARLANTES GENIUS SP-HF180;computación;parlantes;computación,parlantes;9,49;PAR-SP-HF180;13;"Potencia máxima 3w c/parlante
Conector: USB
Control de volumen
Entrada de audio: 3.5 mm
Longitud de cable: 1.2m
Dimensiones: 84 x 129 x 84 mm
Requisitos del sistema: ordenadores Windows® o Mac OS o los ordenadores portátiles / tabletas o smartphones / reproductores de MP3";Genius;negro;0.8;si
ADAPTADOR TPLINK UC400 ;redes;adaptador;redes,adaptador;6,27;ADA-UC400;3;"USB-C 3.0 Super Rápido a Adaptador USB-A HEMBRA
Utilizar su dispositivo USB fácilmente
Compatibilidad con OTG (On The Go)
Añadir puerto USB-A 3.0 para los dispositivos
Compatibilidad: Windows, macOS, Chrome OS, Linux OS y Android 6.0
Interfaz de salida: Puerto USB-A 3.0
Interfaz de entrada: Conector USB-C 3.0";Tplink;blanco;0.1;si
ADAPTADOR TPLINK USB ARCHER T2U NANO WIRELESS AC600 DUAL BAND;redes;adaptador;redes,adaptador;12,06;ADA600-NANO;2;"Alta velocidad Wi-Fi – hasta velocidades de 600Mbps con 200Mbps en 2.4GHz y 433 Mbps a 5GHz, actualiza tus dispositivos a velocidades más altas de AC WiFi.
Doble banda Inalámbrica– 2,4 GHz y 5GHz banda de conectividad flexibles, actualiza tus dispositivos para trabajar con el último router de WiFi de doble banda para mayor velocidad y rango extendido.
Nano diseño – diseño pequeño y discreto le permite conectar y olvidarse de que esta conectado el dispositivo.
Sistema operativo: soporta Windows 10/8.1/8/7/XP, Mac OS X
Seguridad avanzada, soporta 64/128-bit WEP, WPA/WPA2 y WPA-PSK/WPA2-PSK estándares de cifrado";Tplink;negro;0.1;si
ADAPTADOR TPLINK USB ARCHER T4U WIRELESS AC1300 DUAL BAND;redes;adaptador;redes,adaptador;25,27;ADA1300;0;"Velocidad inalámbrica ultra-rápida de 1300 (867+400) Mbps con 802.11ac
Conexiones de banda dual libres de latencia para streaming de vídeo de alta definición y juegos.
Puerto USB 3.0 - Hasta 10 veces más rápido que USB 2.0
Encriptación sencilla de seguridad inalámbrica con sólo pulsar el botón WPS
Equipado con un cable de extensión USB para un despliegue flexible
Contenido caja:
Adaptador Inalámbrico Archer T4U
CD de Recursos
Guía Rápida de Instalación
";Tplink;negro;0.2;si
ADAPTADOR TPLINK USB TL-WN725N WIRELESS  NANO;redes;adaptador;redes,adaptador;7,1;ADA725;11;"Interface: USB 2.0
ANTENA INTERNA
Diseño liso y brillante en miniatura tan pequeño que una vez conectado, puede dejarlo en un puerto USB de la Laptop
Rápida transmisión de velocidad de hasta 150Mbps ideal para el streaming de video o llamadas por internet
Seguridad avanzada: Soporta 64/128 WEP, WPA, PA2/WPA-PSK/WPA2-PSK(TKIP/AES)
Conéctese de inmediato con la fácil utilidad de instalación en 14 idiomas
Dimensiones: 0.73x0.59x0.28pulgadas.(18.6x15x7.1mm)
Requisitos de sistema: Windows 8(32/64bits), Windows 7(32/64bits), Windows Vista(32/64bits),
Windows XP(32/64bits)";Tplink;negro;0.1;si
ADAPTADOR TPLINK USB TL-WN823N WIRELESS ;redes;adaptador;redes,adaptador;9,71;ADA823;8;"INTERFACE: USB 2.0
ANTENA INTERNA
DIMENSIONES: 1.54 x 0.72 x 0.31 in. (39 x 18.35 x 7.87mm)
Requisitos del sistema: Windows 11 / 10 / 8.1 / 8 / 7 / XP, Mac OS, Linux
Velocidad de transferencia datos inalámbrica de 300Mbps ideal para video en alta definición sin problemas, streaming de voz y juegos en línea
Diseño de tamaño miniatura para una portabilidad conveniente con un alto desempeño confiable
Modo SoftAP – Convierta una conexión de internet cableada en una PC o Laptop en un hotspot Wi-Fi
Configure fácilmente una conexión inalámbrica segura con sólo presionar un botón WPS";Tplink;negro;0.1;si
