Nombre del producto;Categoría;Subcategoría;CATE;Precio incluido IVA de la variante;Código de producto;Descripción corta del producto;Descripción larga (Lo más detallada posible);Fabricante (Opcional)
PANTALON ROSADO;ROPA;PANTALON;ROPA,PANTALON; $89,00 ;SI32.00082;PANTALON ROSADO 00082 S;PANTALON ROSADO 00082 S;Saruka Rodriguez
PANTALON PALO DE ROSA;ROPA;PANTALON;ROPA,PANTALON; $99,00 ;SI32.00083;PANTALON PALO DE ROSA 00083 S;PANTALON PALO DE ROSA 00083 S;Saruka Rodriguez
PANTALON PALO DE ROSA;ROPA;PANTALON;ROPA,PANTALON; $99,00 ;SI32.00084;PANTALON PALO DE ROSA 00084 M;PANTALON PALO DE ROSA 00084 M;Saruka Rodriguez
PANTALON ROSADO;ROPA;PANTALON;ROPA,PANTALON; $150,00 ;SI32.00087;PANTALON ROSADO 00087 S;PANTALON ROSADO 00087 S;Saruka Rodriguez
PANTALON BEIGE;ROPA;PANTALON;ROPA,PANTALON; $99,00 ;SI32.00090;PANTALON BEIGE 00090 S;PANTALON BEIGE 00090 S;Saruka Rodriguez
PANTALON BEIGE;ROPA;PANTALON;ROPA,PANTALON; $89,00 ;SI32.00088;PANTALON BEIGE 00088 S;PANTALON BEIGE 00088 S;Saruka Rodriguez
PANTALON NEGRO;ROPA;PANTALON;ROPA,PANTALON; $89,00 ;SI32.00079;PANTALON NEGRO 00079 M;PANTALON NEGRO 00079 M;Saruka Rodriguez
PANTALON NEGRO;ROPA;PANTALON;ROPA,PANTALON; $150,00 ;SI32.00075;PANTALON NEGRO 00075 S;PANTALON NEGRO 00075 S;Saruka Rodriguez
PANTALON NEGRO;ROPA;PANTALON;ROPA,PANTALON; $150,00 ;SI32.00078;PANTALON NEGRO 00078 M;PANTALON NEGRO 00078 M;Saruka Rodriguez
PANTALON NEGRO;ROPA;PANTALON;ROPA,PANTALON; $150,00 ;SI32.00081;PANTALON NEGRO 00081 L;PANTALON NEGRO 00081 L;Saruka Rodriguez
PANTALON TERRACOTA;ROPA;PANTALON;ROPA,PANTALON; $150,00 ;SI32.00098;PANTALON TERRACOTA 00098 S;PANTALON TERRACOTA 00098 S;Saruka Rodriguez
PANTALON NARANJA;ROPA;PANTALON;ROPA,PANTALON; $89,00 ;SI32.00099;PANTALON NARANJA 00099 S;PANTALON NARANJA 00099 S;Saruka Rodriguez
PANTALON AZUL CLARO;ROPA;PANTALON;ROPA,PANTALON; $89,00 ;SI32.00095;PANTALON AZUL CLARO 00095 S;PANTALON AZUL CLARO 00095 S;Saruka Rodriguez
PANTALON AZUL CLARO;ROPA;PANTALON;ROPA,PANTALON; $89,00 ;SI32.00096;PANTALON AZUL CLARO 00096 M;PANTALON AZUL CLARO 00096 M;Saruka Rodriguez
PANTALON AZUL CLARO;ROPA;PANTALON;ROPA,PANTALON; $89,00 ;SI32.00097;PANTALON AZUL CLARO 00097 L;PANTALON AZUL CLARO 00097 L;Saruka Rodriguez
PANTALON AZUL;ROPA;PANTALON;ROPA,PANTALON; $99,00 ;SI32.00101;PANTALON AZUL 00101 L;PANTALON AZUL 00101 L;Saruka Rodriguez
PANTALON AZUL;ROPA;PANTALON;ROPA,PANTALON; $99,00 ;SI32.00102;PANTALON AZUL 00102 S;PANTALON AZUL 00102 S;Saruka Rodriguez
PANTALON AZUL;ROPA;PANTALON;ROPA,PANTALON; $99,00 ;SI32.00103;PANTALON AZUL 00103 M;PANTALON AZUL 00103 M;Saruka Rodriguez
BODY FUCSIA;ROPA;BODY;ROPA,BODY; $59,00 ;SI09.00072;BODY FUCSIA 00072 MANGA LARGA M;BODY FUCSIA 00072 MANGA LARGA M;Saruka Rodriguez
BODY ROSADO;ROPA;BODY;ROPA,BODY; $59,00 ;SI09.00077;BODY ROSADO 00077 UNA SOLA MANGA M;BODY ROSADO 00077 UNA SOLA MANGA M;Saruka Rodriguez
BODY ROJO;ROPA;BODY;ROPA,BODY; $59,00 ;SI09.00074;BODY ROJO 00074 MANGA LARGA M;BODY ROJO 00074 MANGA LARGA M;Saruka Rodriguez
BODY MORADO;ROPA;BODY;ROPA,BODY; $59,00 ;SI09.00078;BODY MORADO 00078 UNA SOLA MANGA M;BODY MORADO 00078 UNA SOLA MANGA M;Saruka Rodriguez
BODY VERDE BOTELLA;ROPA;BODY;ROPA,BODY; $59,00 ;SI09.00079;BODY VERDE BOTELLA 00079 UNA SOLA MANGA M;BODY VERDE BOTELLA 00079 UNA SOLA MANGA M;Saruka Rodriguez
BODY VERDE;ROPA;BODY;ROPA,BODY; $59,00 ;SI09.00075;BODY VERDE 00075 MANGA LARGA S;BODY VERDE 00075 MANGA LARGA S;Saruka Rodriguez
BODY CAKY;ROPA;BODY;ROPA,BODY; $59,00 ;SI09.00076;BODY CAKY 00076 MANGA LARGA S;BODY CAKY 00076 MANGA LARGA S;Saruka Rodriguez
BODY AZUL;ROPA;BODY;ROPA,BODY; $59,00 ;SI09.00080;BODY AZUL 00080 MANGA LARGA M;BODY AZUL 00080 MANGA LARGA M;Saruka Rodriguez
BODY PALO DE ROSA;ROPA;BODY;ROPA,BODY; $59,00 ;SI09.00081;BODY PALO DE ROSA 00081 MANGA LARGA M;BODY PALO DE ROSA 00081 MANGA LARGA M;Saruka Rodriguez
BODY BLANCO;ROPA;BODY;ROPA,BODY; $59,00 ;SI09.00082;BODY BLANCO 00082 MANGA LARGA M;BODY BLANCO 00082 MANGA LARGA M;Saruka Rodriguez
SWEATER VERDE;ROPA;SWEATER;ROPA,SWEATER; $39,00 ;SI52.00073;SWEATER VERDE 00073 M;SWEATER VERDE 00073 M;Saruka Rodriguez
SWEATER ROSADO;ROPA;SWEATER;ROPA,SWEATER; $39,00 ;SI52.00074;SWEATER ROSADO 00074 M;SWEATER ROSADO 00074 M;Saruka Rodriguez
SWEATER VERDE NEON;ROPA;SWEATER;ROPA,SWEATER; $39,00 ;SI52.00076;SWEATER VERDE NEON 00076 M;SWEATER VERDE NEON 00076 M;Saruka Rodriguez
SWEATER FUCSIA;ROPA;SWEATER;ROPA,SWEATER; $39,00 ;SI52.00077;SWEATER FUCSIA 00077 M;SWEATER FUCSIA 00077 M;Saruka Rodriguez
SWEATER BLANCO;ROPA;SWEATER;ROPA,SWEATER; $39,00 ;SI52.00078;SWEATER BLANCO TEJIDO 00078 M;SWEATER BLANCO TEJIDO 00078 M;Saruka Rodriguez
SWEATER BLANCO;ROPA;SWEATER;ROPA,SWEATER; $39,00 ;SI52.00079;SWEATER BLANCO 00079 M;SWEATER BLANCO 00079 M;Saruka Rodriguez
SWEATER BLANCO;ROPA;SWEATER;ROPA,SWEATER; $39,00 ;SI52.00080;SWEATER BLANCO CON BOTONES 00080 M;SWEATER BLANCO CON BOTONES 00080 M;Saruka Rodriguez
SWEATER NARANJA NEON CON BOTONES;ROPA;SWEATER;ROPA,SWEATER; $39,00 ;SI52.00081;SWEATER NARANJA NEON CON BOTONES 00081 M;SWEATER NARANJA NEON CON BOTONES 00081 M;Saruka Rodriguez
SWEATER NARANJA NEON;ROPA;SWEATER;ROPA,SWEATER; $39,00 ;SI52.00082;SWEATER NARANJA NEON 00082 M;SWEATER NARANJA NEON 00082 M;Saruka Rodriguez
SWEATER VERDE NEON TEJIDO;ROPA;SWEATER;ROPA,SWEATER; $39,00 ;SI52.00076;SWEATER VERDE NEON TEJIDO 00076 M;SWEATER VERDE NEON TEJIDO 00076 M;Saruka Rodriguez
SWEATER NEGRO;ROPA;SWEATER;ROPA,SWEATER; $39,00 ;SI52.00084;SWEATER NEGRO 00084 M;SWEATER NEGRO 00084 M;Saruka Rodriguez
SWEATER VERDE NEON;ROPA;SWEATER;ROPA,SWEATER; $39,00 ;SI52.00085;SWEATER VERDE NEON 00085 M;SWEATER VERDE NEON 00085 M;Saruka Rodriguez
VESTIDO NEGRO;ROPA;VESTIDO;ROPA,VESTIDO; $120,00 ;SI57.00452;VESTIDO NEGRO 00452 MANGA LARGA M;VESTIDO NEGRO 00452 MANGA LARGA M;Saruka Rodriguez
VESTIDO CELESTE;ROPA;VESTIDO;ROPA,VESTIDO; $115,00 ;SI57.00453;VESTIDO CELESTE 00453 MANGA LARGA M;VESTIDO CELESTE 00453 MANGA LARGA M;Saruka Rodriguez
VESTIDO NEGRO;ROPA;VESTIDO;ROPA,VESTIDO; $125,00 ;SI57.00455;VESTIDO NEGRO 00455 MANGA LARGA M;VESTIDO NEGRO 00455 MANGA LARGA M;Saruka Rodriguez
VESTIDO MORADO;ROPA;VESTIDO;ROPA,VESTIDO; $125,00 ;SI57.00456;VESTIDO MORADO 00456 MANGA LARGA M;VESTIDO MORADO 00456 MANGA LARGA M;Saruka Rodriguez
VESTIDO VERDE OSCURO;ROPA;VESTIDO;ROPA,VESTIDO; $125,00 ;SI57.00457;VESTIDO VERDE OSCURO 00457 MANGA LARGA M;VESTIDO VERDE OSCURO 00457 MANGA LARGA M;Saruka Rodriguez
VESTIDO MORADO;ROPA;VESTIDO;ROPA,VESTIDO; $110,00 ;SI57.00458;VESTIDO MORADO 00458 MANGA LARGA M;VESTIDO MORADO 00458 MANGA LARGA M;Saruka Rodriguez
VESTIDO ROSADO;ROPA;VESTIDO;ROPA,VESTIDO; $110,00 ;SI57.00459;VESTIDO ROSADO 00459 MANGA LARGA M;VESTIDO ROSADO 00459 MANGA LARGA M;Saruka Rodriguez
VESTIDO VERDE;ROPA;VESTIDO;ROPA,VESTIDO; $120,00 ;SI57.00460;VESTIDO VERDE 00460 MANGA LARGA M;VESTIDO VERDE 00460 MANGA LARGA M;Saruka Rodriguez
CHOMPA JEAN AZUL;ROPA;CHOMPA;ROPA,CHOMPA; $120,00 ;SI18.00024;CHOMPA JEAN AZUL 00024 S;CHOMPA JEAN AZUL 00024 S;Saruka Rodriguez
CHOMPA JEAN AZUL;ROPA;CHOMPA;ROPA,CHOMPA; $120,00 ;SI18.00025;CHOMPA JEAN AZUL 00025 M;CHOMPA JEAN AZUL 00025 M;Saruka Rodriguez
CONJUNTO CELESTE;ROPA;CONJUNTO;ROPA,CONJUNTO; $79,00 ;SI62.00028;CONJUNTO CELESTE 00028 MANGA CORTA M;CONJUNTO CELESTE 00028 MANGA CORTA M;Saruka Rodriguez
CONJUNTO NEGRO;ROPA;CONJUNTO;ROPA,CONJUNTO; $79,00 ;SI62.00029;CONJUNTO NEGRO 00029 MANGA CORTA L;CONJUNTO NEGRO 00029 MANGA CORTA L;Saruka Rodriguez
CONJUNTO NEGRO;ROPA;CONJUNTO;ROPA,CONJUNTO; $79,00 ;SI62.00030;CONJUNTO NEGRO 00030 MANGA CORTA M;CONJUNTO NEGRO 00030 MANGA CORTA M;Saruka Rodriguez
CONJUNTO TURQUESA;ROPA;CONJUNTO;ROPA,CONJUNTO; $79,00 ;SI62.00031;CONJUNTO TURQUESA 00031 MANGA CORTA M;CONJUNTO TURQUESA 00031 MANGA CORTA M;Saruka Rodriguez
CONJUNTO TURQUESA;ROPA;CONJUNTO;ROPA,CONJUNTO; $79,00 ;SI62.00032;CONJUNTO TURQUESA 00032 MANGA CORTA L;CONJUNTO TURQUESA 00032 MANGA CORTA L;Saruka Rodriguez
CONJUNTO BEIGE;ROPA;CONJUNTO;ROPA,CONJUNTO; $79,00 ;SI62.00033;CONJUNTO BEIGE 00033 MANGA CORTA L;CONJUNTO BEIGE 00033 MANGA CORTA L;Saruka Rodriguez
CONJUNTO MORADO;ROPA;CONJUNTO;ROPA,CONJUNTO; $79,00 ;SI62.00034;CONJUNTO MORADO 00034 MANGA CORTA L;CONJUNTO MORADO 00034 MANGA CORTA L;Saruka Rodriguez
CONJUNTO VERDE;ROPA;CONJUNTO;ROPA,CONJUNTO; $59,00 ;SI62.00035;CONJUNTO VERDE 00035 L;CONJUNTO VERDE 00035 L;Saruka Rodriguez
CONJUNTO VERDE;ROPA;CONJUNTO;ROPA,CONJUNTO; $79,00 ;SI62.00036;CONJUNTO VERDE 00036 MANGA CORTA M;CONJUNTO VERDE 00036 MANGA CORTA M;Saruka Rodriguez
CONJUNTO VERDE;ROPA;CONJUNTO;ROPA,CONJUNTO; $79,00 ;SI62.00037;CONJUNTO VERDE 00037 MANGA CORTA L;CONJUNTO VERDE 00037 MANGA CORTA L;Saruka Rodriguez
CONJUNTO NEGRO;ROPA;CONJUNTO;ROPA,CONJUNTO; $59,00 ;SI62.00040;CONJUNTO NEGRO 00040 S;CONJUNTO NEGRO 00040 S;Saruka Rodriguez
ENTERIZO ROJO;ROPA;ENTERIZO;ROPA,ENTERIZO; $159,00 ;SI63.00080;ENTERIZO ROJO 00080 MANGA LARGA M;ENTERIZO ROJO 00080 MANGA LARGA M;Saruka Rodriguez
ENTERIZO NEGRO;ROPA;ENTERIZO;ROPA,ENTERIZO; $159,00 ;SI63.00081;ENTERIZO NEGRO 00081 MANGA LARGA M;ENTERIZO NEGRO 00081 MANGA LARGA M;Saruka Rodriguez
ENTERIZO DORADO Y SHORT DE LENTEJULA;ROPA;ENTERIZO;ROPA,ENTERIZO; $159,00 ;SI63.00082;ENTERIZO DORADO 00082 MANGA LARGA Y SHORT DE LENTEJULA M;ENTERIZO DORADO 00082 MANGA LARGA Y SHORT DE LENTEJULA M;Saruka Rodriguez
ENTERIZO NEGRO Y SHORT DE LENTEJULA;ROPA;ENTERIZO;ROPA,ENTERIZO; $159,00 ;SI63.00083;ENTERIZO NEGRO 00083 MANGA LARGA Y SHORT DE LENTEJULA M;ENTERIZO NEGRO 00083 MANGA LARGA Y SHORT DE LENTEJULA M;Saruka Rodriguez
ZAPATOS FUCSIA EVILLA;CALZADO;ZAPATOS;CALZADO,ZAPATOS; $79,00 ;SI59.00028;ZAPATOS 00028 FUCSIA EVILLA 35;ZAPATOS 00028 FUCSIA EVILLA 35;Saruka Rodriguez
ZAPATOS ROJO LAZO SW;CALZADO;ZAPATOS;CALZADO,ZAPATOS; $89,00 ;SI59.00042;ZAPATOS 00042 ROJO LAZO SW 35;ZAPATOS 00042 ROJO LAZO SW 35;Saruka Rodriguez
SANDALIA TRANSPARENTE;CALZADO;SANDALIA;CALZADO,SANDALIA; $69,00 ;SI95.00010;SANDALIA 00010 TRANSPARENTE 35;SANDALIA 00010 TRANSPARENTE 35;Saruka Rodriguez
SANDALIA TRANSPARENTE LAZO;CALZADO;SANDALIA;CALZADO,SANDALIA; $69,00 ;SI95.00011;SANDALIA 00011 TRANSPARENTE LAZO 35;SANDALIA 00011 TRANSPARENTE LAZO 35;Saruka Rodriguez
SANDALIA TRANSPARENTE LAZO;CALZADO;SANDALIA;CALZADO,SANDALIA; $69,00 ;SI95.00026;SANDALIA 00026 TRANSPARENTE LAZO 35;SANDALIA 00026 TRANSPARENTE LAZO 35;Saruka Rodriguez
SANDALIA TRANSPARENTE MARIPOSA;CALZADO;SANDALIA;CALZADO,SANDALIA; $69,00 ;SI95.00012;SANDALIA 00012 TRANSPARENTE MARIPOSA 35;SANDALIA 00012 TRANSPARENTE MARIPOSA 35;Saruka Rodriguez
SANDALIA BEIGE Y PERLAS;CALZADO;SANDALIA;CALZADO,SANDALIA; $69,00 ;SI95.00014;SANDALIA 00014 BEIGE Y PERLAS 35;SANDALIA 00014 BEIGE Y PERLAS 35;Saruka Rodriguez
SANDALIA BEIGE CADENA DORADA;CALZADO;SANDALIA;CALZADO,SANDALIA; $79,00 ;SI95.00015;SANDALIA 00015 BEIGE CADENA DORADA 35;SANDALIA 00015 BEIGE CADENA DORADA 35;Saruka Rodriguez
SANDALIA NEGRA Y S.W.;CALZADO;SANDALIA;CALZADO,SANDALIA; $89,00 ;SI95.00016;SANDALIA 00016 NEGRA Y S.W. 35;SANDALIA 00016 NEGRA Y S.W. 35;Saruka Rodriguez
SANDALIA VERDE;CALZADO;SANDALIA;CALZADO,SANDALIA; $79,00 ;SI95.00018;SANDALIA 00018 VERDE 36;SANDALIA 00018 VERDE 36;Saruka Rodriguez
ZAPATO NEGRO Y CRISTALES;CALZADO;ZAPATOS;CALZADO,ZAPATOS; $99,00 ;SI59.00043;ZAPATO 00043 NEGRO Y CRISTALES 35;ZAPATO 00043 NEGRO Y CRISTALES 35;Saruka Rodriguez
SANDALIA TRANSPARENTE;CALZADO;SANDALIA;CALZADO,SANDALIA; $79,00 ;SI95.00020;SANDALIA 00020 TRANSPARENTE 35;SANDALIA 00020 TRANSPARENTE 35;Saruka Rodriguez
ZAPATOS NEGRO EVILLA;CALZADO;ZAPATOS;CALZADO,ZAPATOS; $79,00 ;SI59.00028;ZAPATOS 00028 NEGRO EVILLA 35;ZAPATOS 00028 NEGRO EVILLA 35;Saruka Rodriguez
SANDALIA BEIGE;CALZADO;SANDALIA;CALZADO,SANDALIA; $69,00 ;SI95.00021;SANDALIA 00021 BEIGE 35;SANDALIA 00021 BEIGE 35;Saruka Rodriguez
ZAPATOS ROSADO LAZO;CALZADO;ZAPATOS;CALZADO,ZAPATOS; $89,00 ;SI59.00044;ZAPATOS 00044 ROSADO LAZO 35;ZAPATOS 00044 ROSADO LAZO 35;Saruka Rodriguez
SANDALIA BEIGE;CALZADO;SANDALIA;CALZADO,SANDALIA; $79,00 ;SI95.00022;SANDALIA 00022 BEIGE 35;SANDALIA 00022 BEIGE 35;Saruka Rodriguez
SANDALIA NARANJA;CALZADO;SANDALIA;CALZADO,SANDALIA; $69,00 ;SI95.00023;SANDALIA 00023 NARANJA 36;SANDALIA 00023 NARANJA 36;Saruka Rodriguez
ZAPATOS ALPARGATAS BEIGE;CALZADO;ALPARGATAS;CALZADO,ALPARGATAS; $89,00 ;SI59.0023;ZAPATOS ALPARGATAS 00023 BEIGE 35;ZAPATOS ALPARGATAS 00023 BEIGE 35;Saruka Rodriguez
ZAPATOS ALPARGATAS NEGRO;CALZADO;ALPARGATAS;CALZADO,ALPARGATAS; $89,00 ;SI59.0025;ZAPATOS ALPARGATAS 00025 NEGRO 35;ZAPATOS ALPARGATAS 00025 NEGRO 35;Saruka Rodriguez
ZAPATOS ALPARGATAS BLANCO;CALZADO;ALPARGATAS;CALZADO,ALPARGATAS; $89,00 ;SI59.0026;ZAPATOS ALPARGATAS 00026 BLANCO 35;ZAPATOS ALPARGATAS 00026 BLANCO 35;Saruka Rodriguez
ZAPATOS ALPARGATAS BLANCO;CALZADO;ALPARGATAS;CALZADO,ALPARGATAS; $89,00 ;SI59.0027;ZAPATOS ALPARGATAS 00027 BLANCO 35;ZAPATOS ALPARGATAS 00027 BLANCO 35;Saruka Rodriguez
SANDALIA ALPARGATAS CAFÉ;CALZADO;ALPARGATAS;CALZADO,ALPARGATAS; $89,00 ;SI95.0017;SANDALIA ALPARGATAS 00017 CAFÉ 35;SANDALIA ALPARGATAS 00017 CAFÉ 35;Saruka Rodriguez
SANDALIA ALPARGATAS BEIGE;CALZADO;ALPARGATAS;CALZADO,ALPARGATAS; $89,00 ;SI95.0019;SANDALIA ALPARGATAS 00019 BEIGE 35;SANDALIA ALPARGATAS 00019 BEIGE 35;Saruka Rodriguez
ZAPATOS ALPARGATAS CAFÉ;CALZADO;ALPARGATAS;CALZADO,ALPARGATAS; $89,00 ;SI59.0029;ZAPATOS ALPARGATAS 00029 CAFE 35;ZAPATOS ALPARGATAS 00029 CAFE 35;Saruka Rodriguez
ZAPATOS ALPARGATAS BEIGE;CALZADO;ALPARGATAS;CALZADO,ALPARGATAS; $89,00 ;SI59.0030;ZAPATOS ALPARGATAS 00030 BEIGE 35;ZAPATOS ALPARGATAS 00030 BEIGE 35;Saruka Rodriguez
ZAPATOS ALPARGATAS JEAN AZUL;CALZADO;ALPARGATAS;CALZADO,ALPARGATAS; $89,00 ;SI59.0031;ZAPATOS ALPARGATAS 00031 JEAN AZUL 35;ZAPATOS ALPARGATAS 00031 JEAN AZUL 35;Saruka Rodriguez
ZAPATOS ALPARGATAS BLANCO ENCAJE;CALZADO;ALPARGATAS;CALZADO,ALPARGATAS; $89,00 ;SI59.0032;ZAPATOS ALPARGATAS 00032 BLANCO ENCAJE 35;ZAPATOS ALPARGATAS 00032 BLANCO ENCAJE 35;Saruka Rodriguez
ZAPATOS ALPARGATAS BLANCO Y NEGRO;CALZADO;ALPARGATAS;CALZADO,ALPARGATAS; $89,00 ;SI59.0033;ZAPATOS ALPARGATAS 00033 BLANCO Y NEGRO 35;ZAPATOS ALPARGATAS 00033 BLANCO Y NEGRO 35;Saruka Rodriguez
ZAPATOS ALPARGATAS DORADO LENTEJUELA;CALZADO;ALPARGATAS;CALZADO,ALPARGATAS; $79,00 ;SI59.0034;ZAPATOS ALPARGATAS 00034 DORADO LENTEJUELA 35;ZAPATOS ALPARGATAS 00034 DORADO LENTEJUELA 35;Saruka Rodriguez
ZAPATOS ALPARGATAS NEGRO;CALZADO;ALPARGATAS;CALZADO,ALPARGATAS; $79,00 ;SI59.0035;ZAPATOS ALPARGATAS 00035 NEGRO 35;ZAPATOS ALPARGATAS 00035 NEGRO 35;Saruka Rodriguez
ZAPATOS ALPARGATAS PLATEADO;CALZADO;ALPARGATAS;CALZADO,ALPARGATAS; $79,00 ;SI59.0036;ZAPATOS ALPARGATAS 00036 PLATEADO 35;ZAPATOS ALPARGATAS 00036 PLATEADO 35;Saruka Rodriguez
SANDALIA ALPARGATAS BLANCO;CALZADO;ALPARGATAS;CALZADO,ALPARGATAS; $89,00 ;SI95.0025;SANDALIA ALPARGATAS 00025 BLANCO 35;SANDALIA ALPARGATAS 00025 BLANCO 35;Saruka Rodriguez
ZAPATOS ALPARGATAS BEIGE LINEAS;CALZADO;ALPARGATAS;CALZADO,ALPARGATAS; $89,00 ;SI59.0037;ZAPATOS ALPARGATAS 00037 BEIGE LINEAS 35;ZAPATOS ALPARGATAS 00037 BEIGE LINEAS 35;Saruka Rodriguez
ZAPATOS ALPARGATAS NARANJA;CALZADO;ALPARGATAS;CALZADO,ALPARGATAS; $89,00 ;SI59.0038;ZAPATOS ALPARGATAS 00023 NARANJA 35;ZAPATOS ALPARGATAS 00023 NARANJA 35;Saruka Rodriguez
ZAPATOS ALPARGATAS PLATEADO;CALZADO;ALPARGATAS;CALZADO,ALPARGATAS; $79,00 ;SI59.0039;ZAPATOS ALPARGATAS 00039 PLATEADO 35;ZAPATOS ALPARGATAS 00039 PLATEADO 35;Saruka Rodriguez
ZAPATOS ALPARGATAS PLATEADO;CALZADO;ALPARGATAS;CALZADO,ALPARGATAS; $79,00 ;SI59.0040;ZAPATOS ALPARGATAS 00040 PLATEADO 35;ZAPATOS ALPARGATAS 00040 PLATEADO 35;Saruka Rodriguez
ZAPATOS ALPARGATAS PLATEADO;CALZADO;ALPARGATAS;CALZADO,ALPARGATAS; $79,00 ;SI59.0041;ZAPATOS ALPARGATAS 00041 PLATEADO 35;ZAPATOS ALPARGATAS 00041 PLATEADO 35;Saruka Rodriguez
VELAS AROMATICAS;ACCESORIOS;VELAS;ACCESORIOS,VELAS; $19,00 ;SI56.00001;VELAS AROMATICAS 00001;VELAS AROMATICAS 00001;Saruka Rodriguez
VELAS AROMATICAS;ACCESORIOS;VELAS;ACCESORIOS,VELAS; $29,00 ;SI56.00003;VELAS AROMATICAS 00003;VELAS AROMATICAS 00003;Saruka Rodriguez
VELAS AROMATICAS;ACCESORIOS;VELAS;ACCESORIOS,VELAS; $29,00 ;SI56.00004;VELAS AROMATICAS 00004;VELAS AROMATICAS 00004;Saruka Rodriguez
VELAS AROMATICAS;ACCESORIOS;VELAS;ACCESORIOS,VELAS; $19,00 ;SI56.00006;VELAS AROMATICAS 00006;VELAS AROMATICAS 00006;Saruka Rodriguez
VELAS AROMATICAS;ACCESORIOS;VELAS;ACCESORIOS,VELAS; $19,00 ;SI56.00007;VELAS AROMATICAS 00007;VELAS AROMATICAS 00007;Saruka Rodriguez
VELAS AROMATICAS;ACCESORIOS;VELAS;ACCESORIOS,VELAS; $19,00 ;SI56.00009;VELAS AROMATICAS 00009;VELAS AROMATICAS 00009;Saruka Rodriguez
VELAS AROMATICAS;ACCESORIOS;VELAS;ACCESORIOS,VELAS; $19,00 ;SI56.00010;VELAS AROMATICAS 00010;VELAS AROMATICAS 00010;Saruka Rodriguez
VELAS AROMATICAS;ACCESORIOS;VELAS;ACCESORIOS,VELAS; $19,00 ;SI56.00011;VELAS AROMATICAS 00011;VELAS AROMATICAS 00011;Saruka Rodriguez
VELAS AROMATICAS;ACCESORIOS;VELAS;ACCESORIOS,VELAS; $19,00 ;SI56.00012;VELAS AROMATICAS 00012;VELAS AROMATICAS 00012;Saruka Rodriguez
VELAS AROMATICAS;ACCESORIOS;VELAS;ACCESORIOS,VELAS; $19,00 ;SI56.00013;VELAS AROMATICAS 00013;VELAS AROMATICAS 00013;Saruka Rodriguez
VELAS AROMATICAS;ACCESORIOS;VELAS;ACCESORIOS,VELAS; $29,00 ;SI56.00014;VELAS AROMATICAS 00014;VELAS AROMATICAS 00014;Saruka Rodriguez
VELAS AROMATICAS;ACCESORIOS;VELAS;ACCESORIOS,VELAS; $29,00 ;SI56.00017;VELAS AROMATICAS 00017;VELAS AROMATICAS 00017;Saruka Rodriguez
VELAS AROMATICAS;ACCESORIOS;VELAS;ACCESORIOS,VELAS; $29,00 ;SI56.00018;VELAS AROMATICAS 00018;VELAS AROMATICAS 00018;Saruka Rodriguez
VELAS AROMATICAS;ACCESORIOS;VELAS;ACCESORIOS,VELAS; $39,00 ;SI56.00021;VELAS AROMATICAS 00021;VELAS AROMATICAS 00021;Saruka Rodriguez
