Nombre del Producto;Categoría;Subcategoría;CATE;Precio Incluido IVA;Número de artículo;En stock;Marca
ALAMBRE GALVANIZADO N- 18 1KG.;CONSTRUCCIÓN;ALAMBRES;CONSTRUCCIÓN/ALAMBRES;$3,71;187968;15;OTROS PROVEEDOR
ALAMBRE GALVANIZADO N- 18 20 KG.;CONSTRUCCIÓN;ALAMBRES;CONSTRUCCIÓN/ALAMBRES;$53,26;187947;2;OTROS PROVEEDOR
BLOQUE POMEZ 15 (20X40);CONSTRUCCIÓN;BLOQUES;CONSTRUCCIÓN/BLOQUES;$0,41;91010556;110;OTROS PROVEEDOR
BLOQUE POMEZ 7 (40X20);CONSTRUCCIÓN;BLOQUES;CONSTRUCCIÓN/BLOQUES;$0,27;91010554;2,464;OTROS PROVEEDOR
BLOQUE POMEZ 9 (40X20);CONSTRUCCIÓN;BLOQUES;CONSTRUCCIÓN/BLOQUES;$0,30;91010555;9,727;OTROS PROVEEDOR
BLOQUE VICTORIA 7 (20X40);CONSTRUCCIÓN;BLOQUES;CONSTRUCCIÓN/BLOQUES;$0,33;21;178;OTROS PROVEEDOR
BLOQUE VICTORIA 9 (20X40);CONSTRUCCIÓN;BLOQUES;CONSTRUCCIÓN/BLOQUES;$0,36;20;670;OTROS PROVEEDOR
BONDEX BLENDMIX PORCE. 25KG INTACO;CONSTRUCCIÓN;MORTEROS;CONSTRUCCIÓN/MORTEROS;$10,67;91012013;154;INTACO
BONDEX PLUS (25KG);CONSTRUCCIÓN;MORTEROS;CONSTRUCCIÓN/MORTEROS;$7,80;91010982;283;INTACO
BONDEX PREMIUM (25KG);CONSTRUCCIÓN;MORTEROS;CONSTRUCCIÓN/MORTEROS;$13,33;91010984;805;INTACO
BONDEX STANDARD (25KG);CONSTRUCCIÓN;MORTEROS;CONSTRUCCIÓN/MORTEROS;$5,05;91010981;5,444;INTACO
CAJA RECTANGULAR PLASTIDOR;CONSTRUCCIÓN;ELÉCTRICO;CONSTRUCCIÓN/ELÉCTRICO;$0,56;D91010364;129;PLASTIDOR
CAJA RECTANGULAR PLASTIGAMA;CONSTRUCCIÓN;ELÉCTRICO;CONSTRUCCIÓN/ELÉCTRICO;$0,89;91002485;32;PLASTIGAMA
CEMENTO HOLCIM FUERTE TIPO GU SACO 50 KG;CONSTRUCCIÓN;MORTEROS;CONSTRUCCIÓN/MORTEROS;$8,20;10016416;168;HOLCIM
CLAVOS PARA MADERA 2 1/2 (2.5 X10) LB.;CONSTRUCCIÓN;VARIOS;CONSTRUCCIÓN/VARIOS;$1,34;91013212;285;OTROS PROVEEDOR
CLAVOS PARA CONSTRUCCIÓN. 2 1/2 CAJA(25 KG);CONSTRUCCIÓN;VARIOS;CONSTRUCCIÓN/VARIOS;$57,63;188410;7;OTROS PROVEEDOR
CODO DESAGUE 110MMX90 PLASTIGAMA;CONSTRUCCIÓN;PLOMERÍA;CONSTRUCCIÓN/PLOMERÍA;$4,03;925019;2;PLASTIGAMA
CORREA G 100X50X15X1.8MM;CONSTRUCCIÓN;CORREAS;CONSTRUCCIÓN/CORREAS;$22,53;G010050018;155;OTROS PROVEEDOR
CORREA G 100X50X15X3 MM;CONSTRUCCIÓN;CORREAS;CONSTRUCCIÓN/CORREAS;$37,21;G010050030;56;OTROS PROVEEDOR
CORREA G 125X50X15X3 MM;CONSTRUCCIÓN;CORREAS;CONSTRUCCIÓN/CORREAS;$46,11;G012550030;30;OTROS PROVEEDOR
CORREA G 200X50X15X3 MM;CONSTRUCCIÓN;CORREAS;CONSTRUCCIÓN/CORREAS;$65,09;G020050295;43;OTROS PROVEEDOR
CORREA G 60x30x10x1.5MM;CONSTRUCCIÓN;CORREAS;CONSTRUCCIÓN/CORREAS;$12,68;G006030015;260;OTROS PROVEEDOR
CORREA G 60X30X10X1.8 MM;CONSTRUCCIÓN;CORREAS;CONSTRUCCIÓN/CORREAS;$13,03;G006030018;551;OTROS PROVEEDOR
CORREA G 80X40X15X1.5MM;CONSTRUCCIÓN;CORREAS;CONSTRUCCIÓN/CORREAS;$14,77;G008040015;255;OTROS PROVEEDOR
CORREA G 80X40X15X1.8MM;CONSTRUCCIÓN;CORREAS;CONSTRUCCIÓN/CORREAS;$18,35;G008040020;600;OTROS PROVEEDOR
CORREA G 80X40X15X3 MM;CONSTRUCCIÓN;CORREAS;CONSTRUCCIÓN/CORREAS;$29,32;G008040030;103;OTROS PROVEEDOR
CORREA G GALV 80X40X1.8MM;CONSTRUCCIÓN;CORREAS;CONSTRUCCIÓN/CORREAS;$28,44;G0080400;68;OTROS PROVEEDOR
CORREA G GALV. 100X50X15X2;CONSTRUCCIÓN;CORREAS;CONSTRUCCIÓN/CORREAS;$34,02;99352173;72;OTROS PROVEEDOR
CUMBRERO GALVAL 0,30X340X3000;CONSTRUCCIÓN;CUBIERTAS;CONSTRUCCIÓN/CUBIERTAS;$6,19;C19187V0304003403000;38;OTROS PROVEEDOR
IPACTECHO 1025X25X0.30X3.60MTS;CONSTRUCCIÓN;CUBIERTAS;CONSTRUCCIÓN/CUBIERTAS;$15,86;91020677;10;ULTRAFLEX
IPACTECHO 1025X25X0.30X3MTS;CONSTRUCCIÓN;CUBIERTAS;CONSTRUCCIÓN/CUBIERTAS;$13,08;91020676;69;ULTRAFLEX
MALLA ELECTROSOLDADA 3.5 (15*15) 6.25*2.40;CONSTRUCCIÓN;MALLAS;CONSTRUCCIÓN/MALLAS;$25,49;005EMA06-03515;2;NOVACERO
MALLA ELECTROSOLDADA 4 (15*15) 6.25*2.40;CONSTRUCCIÓN;MALLAS;CONSTRUCCIÓN/MALLAS;$27,21;91001907;55;NOVACERO
MALLA ELECTROSOLDADA 4.5 (15*15) 6.25*2.40;CONSTRUCCIÓN;MALLAS;CONSTRUCCIÓN/MALLAS;$33,30;D91011919;14;NOVACERO
MALLA ELECTROSOLDADA 5 (10*10) 6.25*2.40;CONSTRUCCIÓN;MALLAS;CONSTRUCCIÓN/MALLAS;$67,39;D91011920;23;NOVACERO
MALLA ELECTROSOLDADA 5 (15*15) 6.25*2.40;CONSTRUCCIÓN;MALLAS;CONSTRUCCIÓN/MALLAS;$41,95;D91001910;25;NOVACERO
MALLA ELECTROSOLDADA 5.5 (10*10) 6.25*2.40;CONSTRUCCIÓN;MALLAS;CONSTRUCCIÓN/MALLAS;$73,52;99350739;19;NOVACERO
MALLA ELECTROSOLDADA 5.5 (15*15) 6.25*2.40;CONSTRUCCIÓN;MALLAS;CONSTRUCCIÓN/MALLAS;$49,95;91001911;43;NOVACERO
MALLA ELECTROSOLDADA 6 (10*10) 6.25*2.40;CONSTRUCCIÓN;MALLAS;CONSTRUCCIÓN/MALLAS;$85,17;91001906;19;NOVACERO
MALLA ELECTROSOLDADA 6 (15*15) 6.25*2.40;CONSTRUCCIÓN;MALLAS;CONSTRUCCIÓN/MALLAS;$51,83;D91011925;9;NOVACERO
MALLA ELECTROSOLDADA 8 (10*10) 6.25*2.40;CONSTRUCCIÓN;MALLAS;CONSTRUCCIÓN/MALLAS;$155,13;99350684;7;NOVACERO
MALLA ELECTROSOLDADA 8 (15*15) 6.25*2.40;CONSTRUCCIÓN;MALLAS;CONSTRUCCIÓN/MALLAS;$114,84;99350683;9;NOVACERO
MAXIEMPASTE EXTERIOR (20KG);CONSTRUCCIÓN;PINTURAS;CONSTRUCCIÓN/PINTURAS;$22,72;91014271;14;INTACO
MAXIEMPASTE INTERIOR (20KG);CONSTRUCCIÓN;PINTURAS;CONSTRUCCIÓN/PINTURAS;$11,04;91013818;192;INTACO
MORTERO ADH CEMIX CONSTRUCTOR 25KG;CONSTRUCCIÓN;MORTEROS;CONSTRUCCIÓN/MORTEROS;$4,89;34575;222;CEMIX
MORTERO ADH CEMIX PSP 25KG;CONSTRUCCIÓN;MORTEROS;CONSTRUCCIÓN/MORTEROS;$12,85;34571;121;CEMIX
MORTERO ADH CEMIX UNIVERSAL GRES 25KG;CONSTRUCCIÓN;MORTEROS;CONSTRUCCIÓN/MORTEROS;$9,98;34573;158;CEMIX
PLANCHA GALVALUME DURA-TECH 0.30MMX4.2MT 14PIES;CONSTRUCCIÓN;CUBIERTAS;CONSTRUCCIÓN/CUBIERTAS;$17,67;631652;93;NOVACERO
PLANCHA GALVALUME DURA-TECH 0.30MMX5MT 17PIES;CONSTRUCCIÓN;CUBIERTAS;CONSTRUCCIÓN/CUBIERTAS;$21,45;631654;52;NOVACERO
PLANCHA GALVALUME DURA-TECH 0.30MMX6MT 20PIES;CONSTRUCCIÓN;CUBIERTAS;CONSTRUCCIÓN/CUBIERTAS;$25,32;631655;181;NOVACERO
PLANCHA GALVALUME DURA-TECH 0.30MMX7MT 22PIES;CONSTRUCCIÓN;CUBIERTAS;CONSTRUCCIÓN/CUBIERTAS;$33,41;631656;184;NOVACERO
REYTECHO GALV. (0.30) 2.40 MTS.;CONSTRUCCIÓN;CUBIERTAS;CONSTRUCCIÓN/CUBIERTAS;$11,59;99352169;60;ULTRAFLEX
REYTECHO GALV. (0.30) 3.00 MTS.;CONSTRUCCIÓN;CUBIERTAS;CONSTRUCCIÓN/CUBIERTAS;$11,36;942541;28;ULTRAFLEX
REYTECHO GALV. (0.30) 3.60 MTS.;CONSTRUCCIÓN;CUBIERTAS;CONSTRUCCIÓN/CUBIERTAS;$13,64;99351669;7;ULTRAFLEX
REYTECHO GALV. (0.30) 4.80 MTS.;CONSTRUCCIÓN;CUBIERTAS;CONSTRUCCIÓN/CUBIERTAS;$18,19;99351608;33;ULTRAFLEX
SELLADOR UNISEAL LISO CANECA UNIDAS;CONSTRUCCIÓN;PINTURAS;CONSTRUCCIÓN/PINTURAS;$79,77;466F;3;UNIDAS
SELLADOR UNISEAL LISO GALON UNIDAS;CONSTRUCCIÓN;PINTURAS;CONSTRUCCIÓN/PINTURAS;$17,73;466A;2;UNIDAS
SIKA EMPASTE INTERIOR (20KG);CONSTRUCCIÓN;PINTURAS;CONSTRUCCIÓN/PINTURAS;$11,97;99350697;78;SIKA
SIKA PLASTOCRETE 161 - HE (10KG);CONSTRUCCIÓN;ADITIVO;CONSTRUCCIÓN/ADITIVO;$30,83;3;6;SIKA
SIKA PLASTOCRETE 161 - HE (2KG);CONSTRUCCIÓN;ADITIVO;CONSTRUCCIÓN/ADITIVO;$6,34;1;11;SIKA
SIKA PLASTOCRETE 161 - HE (4KG);CONSTRUCCIÓN;ADITIVO;CONSTRUCCIÓN/ADITIVO;$12,47;2;18;SIKA
SIKA PLASTOCRETE DM - (10KG);CONSTRUCCIÓN;ADITIVO;CONSTRUCCIÓN/ADITIVO;$32,27;47;9;SIKA
SIKA PLASTOCRETE DM - (2KG);CONSTRUCCIÓN;ADITIVO;CONSTRUCCIÓN/ADITIVO;$7,16;45;5;SIKA
SIKA PLASTOCRETE DM - (4KG);CONSTRUCCIÓN;ADITIVO;CONSTRUCCIÓN/ADITIVO;$13,50;46;9;SIKA
SIKA SELLADOR (5KG);CONSTRUCCIÓN;PINTURAS;CONSTRUCCIÓN/PINTURAS;$20,13;D91018471;9;SIKA
SOLDADURA AGA 6011 1/8 20KG;CONSTRUCCIÓN;SOLDADURAS;CONSTRUCCIÓN/SOLDADURAS;$128,22;91011816;1.79;AGA
SOLDADURA ESAB OK 6011 1/8 FND.(1KG);CONSTRUCCIÓN;SOLDADURAS;CONSTRUCCIÓN/SOLDADURAS;$4,36;10J6OK2265325X351;683;ESAB
SOLDADURA ESAB OK 6011 1/8 FND.(5KG);CONSTRUCCIÓN;SOLDADURAS;CONSTRUCCIÓN/SOLDADURAS;$19,35;10J6OK2265325X350;79;ESAB
SUPERTECHO 1000 MM X 2,40 M X 0,25 MM (8');CONSTRUCCIÓN;CUBIERTAS;CONSTRUCCIÓN/CUBIERTAS;$11,79;510007;7;ACESCO
SUPERTECHO 1000 MM X 3,60 M X 0,25 MM (12');CONSTRUCCIÓN;CUBIERTAS;CONSTRUCCIÓN/CUBIERTAS;$12,20;510009;98;ACESCO
"SUPERTECHO 1000 MM X 3.00 M X 0,30 MM (10"")";CONSTRUCCIÓN;CUBIERTAS;CONSTRUCCIÓN/CUBIERTAS;$13,00;99351540;12;ACESCO
SUPERTECHO 1000 MM X 3.00 M X 0.25 MM (10');CONSTRUCCIÓN;CUBIERTAS;CONSTRUCCIÓN/CUBIERTAS;$10,16;10-12.0018;55;ACESCO
"SUPERTECHO 1000 MM X 3.60 M X 0,30 MM (12"")";CONSTRUCCIÓN;CUBIERTAS;CONSTRUCCIÓN/CUBIERTAS;$16,09;C11101V0303010303600;178;ACESCO
"SUPERTECHO 1000 MM X 4.20 M X 0,30 MM (14"")";CONSTRUCCIÓN;CUBIERTAS;CONSTRUCCIÓN/CUBIERTAS;$18,79;C11101V0303010304200;97;ACESCO
SUPERTECHO 1000 MM X 4.20 M X 0.25 MM (14');CONSTRUCCIÓN;CUBIERTAS;CONSTRUCCIÓN/CUBIERTAS;$14,24;10-12.0020;8;ACESCO
"SUPERTECHO 1000 MM X 4.80 M X 0,30 MM (16"")";CONSTRUCCIÓN;CUBIERTAS;CONSTRUCCIÓN/CUBIERTAS;$21,45;C11101V0303010304800;39;ACESCO
SUPERTECHO 1000 MM X 4.80 M X 0.25 MM (16');CONSTRUCCIÓN;CUBIERTAS;CONSTRUCCIÓN/CUBIERTAS;$16,27;10-12.0021;83;ACESCO
SUPERTECHO 1000 MM X 5.00 M X 0.25 MM (17');CONSTRUCCIÓN;CUBIERTAS;CONSTRUCCIÓN/CUBIERTAS;$16,94;10-12.0022;91;ACESCO
SUPERTECHO 1000 MM X 5.40 M X 0.25 MM (18');CONSTRUCCIÓN;CUBIERTAS;CONSTRUCCIÓN/CUBIERTAS;$21,40;510017;59;ACESCO
SUPERTECHO 1000 MM X 6,00 M X 0,25 MM (20');CONSTRUCCIÓN;CUBIERTAS;CONSTRUCCIÓN/CUBIERTAS;$20,33;510014;155;ACESCO
"SUPERTECHO 1000 MM X 6.00 M X 0,30 MM (20"")";CONSTRUCCIÓN;CUBIERTAS;CONSTRUCCIÓN/CUBIERTAS;$26,01;C11101V0303010306000;152;ACESCO
SUPERTECHO 1000 MM X 7,00 M X 0,25 MM (23');CONSTRUCCIÓN;CUBIERTAS;CONSTRUCCIÓN/CUBIERTAS;$23,73;99353434;215;ACESCO
"SUPERTECHO 1000 MM X 7.00 M X 0,30 MM (23"")";CONSTRUCCIÓN;CUBIERTAS;CONSTRUCCIÓN/CUBIERTAS;$32,62;99350750;149;ACESCO
TUBO CUADRADO 3*3 (75*3MM);CONSTRUCCIÓN;TUBOS;CONSTRUCCIÓN/TUBOS;$58,14;D91020465;67;OTROS PROVEEDOR
TUBO CUADRADO 4*2 (100*1.8MM);CONSTRUCCIÓN;TUBOS;CONSTRUCCIÓN/TUBOS;$44,92;D91020473;75;OTROS PROVEEDOR
TUBO CUADRADO 4*3 (100*3MM);CONSTRUCCIÓN;TUBOS;CONSTRUCCIÓN/TUBOS;$70,69;91020659;28;OTROS PROVEEDOR
TANQUE APILABLE 55 GALONES EC. AZUL PLASTIGAMA;CONSTRUCCIÓN;PLOMERÍA;CONSTRUCCIÓN/PLOMERÍA;$42,89;10-8.0161;6;PLASTIGAMA
TANQUE BOTELLA 1100 LT KIT 3/4 PLASTIGAMA;CONSTRUCCIÓN;PLOMERÍA;CONSTRUCCIÓN/PLOMERÍA;$193,13;91003008;2;PLASTIGAMA
TANQUE BOTELLA 250 LT KIT 1/2 PLASTIGAMA;CONSTRUCCIÓN;PLOMERÍA;CONSTRUCCIÓN/PLOMERÍA;$67,97;91004043;2;PLASTIGAMA
TANQUE BOTELLA 500LT. PLASTIGAMA;CONSTRUCCIÓN;PLOMERÍA;CONSTRUCCIÓN/PLOMERÍA;$104,47;91004042;1;PLASTIGAMA
TANQUE CILINDRO STANDAR 500LT. PLASTIGAMA;CONSTRUCCIÓN;PLOMERÍA;CONSTRUCCIÓN/PLOMERÍA;$110,65;91001551;2;PLASTIGAMA
TANQUE CONICO STANDAR 1000LT + KIT PLASTIGAMA;CONSTRUCCIÓN;PLOMERÍA;CONSTRUCCIÓN/PLOMERÍA;$218,61;91001557;2;PLASTIGAMA
TANQUE CONICO STANDAR 500LT. PLASTIGAMA;CONSTRUCCIÓN;PLOMERÍA;CONSTRUCCIÓN/PLOMERÍA;$110,61;91001550;1;PLASTIGAMA
TERMINAL CURVO 1.40MT LARG 0.30MM (SUPERTECHO);CONSTRUCCIÓN;CUBIERTAS;CONSTRUCCIÓN/CUBIERTAS;$8,42;99350749;7;ACESCO
TERMINAL CURVO 1MT LARGO X0,30MM (SUPERTECHO);CONSTRUCCIÓN;CUBIERTAS;CONSTRUCCIÓN/CUBIERTAS;$6,01;99350751;12;ACESCO
TERMINAL CURVO DURA-TECH;CONSTRUCCIÓN;CUBIERTAS;CONSTRUCCIÓN/CUBIERTAS;$9,83;631661;21;NOVACERO
TRASLUCIDA DURA-TECHO 12 PIES TRANSP;CONSTRUCCIÓN;CUBIERTAS;CONSTRUCCIÓN/CUBIERTAS;$43,82;TDMNRPLUS12;4;NOVACERO
TRASLUCIDA REY TECHO 3.60 MTS. TRANSP;CONSTRUCCIÓN;CUBIERTAS;CONSTRUCCIÓN/CUBIERTAS;$37,36;99351409;6;ULTRAFLEX
TRASLUCIDA REY TECHO 4.20 MTS. TRANSP;CONSTRUCCIÓN;CUBIERTAS;CONSTRUCCIÓN/CUBIERTAS;$56,92;99351410;8;ULTRAFLEX
TRASLUCIDA SUPERTECHO 12 PIES TRANSP;CONSTRUCCIÓN;CUBIERTAS;CONSTRUCCIÓN/CUBIERTAS;$43,82;SUPERT12P;7;ULTRAFLEX
TRASLUCIDA ZINC 10 PIES TRANSP;CONSTRUCCIÓN;CUBIERTAS;CONSTRUCCIÓN/CUBIERTAS;$20,55;945125874;4;OTROS PROVEEDOR
TRASLUCIDA ZINC 12 PIES TRANSP;CONSTRUCCIÓN;CUBIERTAS;CONSTRUCCIÓN/CUBIERTAS;$24,67;91014559;10;OTROS PROVEEDOR
TRASLUCIDA ZINC 8 PIES TRANSP;CONSTRUCCIÓN;CUBIERTAS;CONSTRUCCIÓN/CUBIERTAS;$17,30;99351408;11;OTROS PROVEEDOR
TUBO CONDUIT 1/2 X3M PLASTIGAMA;CONSTRUCCIÓN;PLOMERÍA;CONSTRUCCIÓN/PLOMERÍA;$1,31;91001377;3;PLASTIGAMA
TUBO DESAGUE 110MM * 3MTS. PLASTIGAMA;CONSTRUCCIÓN;PLOMERÍA;CONSTRUCCIÓN/PLOMERÍA;$10,65;91001388;1;PLASTIGAMA
TUBO DESAGUE 50MMX3MT PLASTIGAMA;CONSTRUCCIÓN;PLOMERÍA;CONSTRUCCIÓN/PLOMERÍA;$5,42;926224;17;PLASTIGAMA
UNIDAS ANTICORROSIVO CATERPILAR BRILLANTE GALON;CONSTRUCCIÓN;PINTURAS;CONSTRUCCIÓN/PINTURAS;$19,55;D91018718;8;UNIDAS
UNIDAS ANTICORROSIVO CATERPILAR LITRO;CONSTRUCCIÓN;PINTURAS;CONSTRUCCIÓN/PINTURAS;$5,98;D91018719;8;UNIDAS
UNIDAS ANTICORROSIVO GRIS BRILLANTE GALÓN;CONSTRUCCIÓN;PINTURAS;CONSTRUCCIÓN/PINTURAS;$14,96;605A;5;UNIDAS
UNIDAS ANTICORROSIVO GRIS BRILLANT LITRO;CONSTRUCCIÓN;PINTURAS;CONSTRUCCIÓN/PINTURAS;$4,51;D91018752;11;UNIDAS
UNIDAS ANTICORROSIVO GRIS MATE GALÓN;CONSTRUCCIÓN;PINTURAS;CONSTRUCCIÓN/PINTURAS;$23,56;1020A;3;UNIDAS
UNIDAS ANTICORROSIVO GRIS MATE LITRO;CONSTRUCCIÓN;PINTURAS;CONSTRUCCIÓN/PINTURAS;$7,02;1020B;6;UNIDAS
UNIDAS ANTICORROSIVO NEGRO BRILLANTE GALÓN;CONSTRUCCIÓN;PINTURAS;CONSTRUCCIÓN/PINTURAS;$24,92;600A;3;UNIDAS
UNIDAS ANTICORROSIVO NEGRO BRILLANTE LITRO;CONSTRUCCIÓN;PINTURAS;CONSTRUCCIÓN/PINTURAS;$7,12;D91018757;7;UNIDAS
UNIDAS ANTICORROSIVO NEGRO MATE GALÓN;CONSTRUCCIÓN;PINTURAS;CONSTRUCCIÓN/PINTURAS;$14,15;91010608;5;UNIDAS
UNIDAS ANTICORROSIVO NEGRO MATE LITRO;CONSTRUCCIÓN;PINTURAS;CONSTRUCCIÓN/PINTURAS;$4,37;D91018775;12;UNIDAS
UNIDAS ANTICORROSIVO ROJO OXIDO BRILLANTE LITRO;CONSTRUCCIÓN;PINTURAS;CONSTRUCCIÓN/PINTURAS;$5,06;D91018760;3;UNIDAS
UNIDAS ANTICORROSIVO ROJO OXIDO BRILLANTE GALON;CONSTRUCCIÓN;PINTURAS;CONSTRUCCIÓN/PINTURAS;$17,37;D91018759;3;UNIDAS
UNIDAS ANTICORROSIVO ROJO OXIDO MATE GALON;CONSTRUCCIÓN;PINTURAS;CONSTRUCCIÓN/PINTURAS;$16,90;99350669;11;UNIDAS
UNIDAS ANTICORROSIVO ROJO OXIDO MATE LITRO;CONSTRUCCIÓN;PINTURAS;CONSTRUCCIÓN/PINTURAS;$4,82;D91018778;3;UNIDAS
UNIDAS LATEX SUPREMO ARENA LITRO;CONSTRUCCIÓN;PINTURAS;CONSTRUCCIÓN/PINTURAS;$5,17;D91018961;4;UNIDAS
UNIDAS LATEX SUPREMO ARENA GALON;CONSTRUCCIÓN;PINTURAS;CONSTRUCCIÓN/PINTURAS;$20,49;LS-1004A;10;UNIDAS
UNIDAS LATEX SUPREMO ARENA SAHARA CANECA;CONSTRUCCIÓN;PINTURAS;CONSTRUCCIÓN/PINTURAS;$123,53;LS-1048F;2;UNIDAS
UNIDAS LATEX SUPREMO ARENA CANECA;CONSTRUCCIÓN;PINTURAS;CONSTRUCCIÓN/PINTURAS;$92,67;LS-1004F;3;UNIDAS
UNIDAS LATEX SUPREMO AZUL MALIBU GALON;CONSTRUCCIÓN;PINTURAS;CONSTRUCCIÓN/PINTURAS;$27,31;LS-1041A;1;UNIDAS
UNIDAS LATEX SUPREMO BLANCO CANECA;CONSTRUCCIÓN;PINTURAS;CONSTRUCCIÓN/PINTURAS;$87,51;LS-1000F;3;UNIDAS
UNIDAS LATEX SUPREMO BLANCO GALON;CONSTRUCCIÓN;PINTURAS;CONSTRUCCIÓN/PINTURAS;$20,49;LS-1000A;2;UNIDAS
UNIDAS LATEX SUPREMO BLANCO ANTIGUO GALON;CONSTRUCCIÓN;PINTURAS;CONSTRUCCIÓN/PINTURAS;$20,49;LS-1001A;2;UNIDAS
UNIDAS LATEX SUPREMO BLANCO APACIBLE GALON;CONSTRUCCIÓN;PINTURAS;CONSTRUCCIÓN/PINTURAS;$22,02;D91018979;3;UNIDAS
UNIDAS LATEX SUPREMO BLANCO APACIBLE LITRO;CONSTRUCCIÓN;PINTURAS;CONSTRUCCIÓN/PINTURAS;$8,11;LS-1054B;2;UNIDAS
UNIDAS LATEX SUPREMO BLANCO HUESO CANECA;CONSTRUCCIÓN;PINTURAS;CONSTRUCCIÓN/PINTURAS;$108,96;LS-1010F;4;UNIDAS
UNIDAS LATEX SUPREMO BLANCO HUESO LITRO;CONSTRUCCIÓN;PINTURAS;CONSTRUCCIÓN/PINTURAS;$5,22;D91018985;4;UNIDAS
UNIDAS LATEX SUPREMO BLANCO OSTRA GALON;CONSTRUCCIÓN;PINTURAS;CONSTRUCCIÓN/PINTURAS;$20,49;LS-1005A;4;UNIDAS
UNIDAS LATEX SUPREMO BRISA BEIGE CANECA;CONSTRUCCIÓN;PINTURAS;CONSTRUCCIÓN/PINTURAS;$123,53;LS-1047F;2;UNIDAS
UNIDAS LATEX SUPREMO CAFE CATALAN GALON;CONSTRUCCIÓN;PINTURAS;CONSTRUCCIÓN/PINTURAS;$22,02;D91018992;2;UNIDAS
UNIDAS LATEX SUPREMO CAFE NAPOLITANO GALON;CONSTRUCCIÓN;PINTURAS;CONSTRUCCIÓN/PINTURAS;$22,02;D91018994;3;UNIDAS
UNIDAS LATEX SUPREMO CREMA CANECA;CONSTRUCCIÓN;PINTURAS;CONSTRUCCIÓN/PINTURAS;$99,62;D91019061;1;UNIDAS
UNIDAS LATEX SUPREMO CREMA GALON;CONSTRUCCIÓN;PINTURAS;CONSTRUCCIÓN/PINTURAS;$20,49;LS-1046A;1;UNIDAS
UNIDAS LATEX SUPREMO CREMA SANTORINI CANECA;CONSTRUCCIÓN;PINTURAS;CONSTRUCCIÓN/PINTURAS;$123,55;LS-1064F;1;UNIDAS
UNIDAS LATEX SUPREMO DAMASCO CANECA;CONSTRUCCIÓN;PINTURAS;CONSTRUCCIÓN/PINTURAS;$123,55;LS-1009F;2;UNIDAS
UNIDAS LATEX SUPREMO HUESO CLARO CANECA;CONSTRUCCIÓN;PINTURAS;CONSTRUCCIÓN/PINTURAS;$123,53;LS-1055F;3;UNIDAS
UNIDAS LATEX SUPREMO LILA MAGICO LITRO;CONSTRUCCIÓN;PINTURAS;CONSTRUCCIÓN/PINTURAS;$6,23;D91019010;2;UNIDAS
UNIDAS LATEX SUPREMO LILA MAGICO GALON;CONSTRUCCIÓN;PINTURAS;CONSTRUCCIÓN/PINTURAS;$20,49;LS-1061A;1;UNIDAS
UNIDAS LATEX SUPREMO MAGNOLIA GALON;CONSTRUCCIÓN;PINTURAS;CONSTRUCCIÓN/PINTURAS;$27,31;LS-1011A;3;UNIDAS
UNIDAS LATEX SUPREMO MAGNOLIA CANECA;CONSTRUCCIÓN;PINTURAS;CONSTRUCCIÓN/PINTURAS;$123,53;LS-1011F;3;UNIDAS
UNIDAS LATEX SUPREMO NARANJA AVENTURERO GALON;CONSTRUCCIÓN;PINTURAS;CONSTRUCCIÓN/PINTURAS;$20,49;LS-1059A;2;UNIDAS
UNIDAS LATEX SUPREMO PRIMROSE GALON;CONSTRUCCIÓN;PINTURAS;CONSTRUCCIÓN/PINTURAS;$20,49;LS-1042A;3;UNIDAS
UNIDAS LATEX SUPREMO ROJO ATREVIDO GALON;CONSTRUCCIÓN;PINTURAS;CONSTRUCCIÓN/PINTURAS;$27,31;LS-1045A;5;UNIDAS
UNIDAS LATEX SUPREMO ROJO ILUSION GALON;CONSTRUCCIÓN;PINTURAS;CONSTRUCCIÓN/PINTURAS;$17,53;D91019027;5;UNIDAS
UNIDAS LATEX SUPREMO ROSA SUAVE GALON;CONSTRUCCIÓN;PINTURAS;CONSTRUCCIÓN/PINTURAS;$20,49;LS-1035A;2;UNIDAS
UNIDAS LATEX SUPREMO SOL POSITANO GALON;CONSTRUCCIÓN;PINTURAS;CONSTRUCCIÓN/PINTURAS;$27,31;LS-1063A;6;UNIDAS
UNIDAS LATEX SUPREMO SOL POSITANOLITRO;CONSTRUCCIÓN;PINTURAS;CONSTRUCCIÓN/PINTURAS;$5,06;D91018958;1;UNIDAS
UNIDAS LATEX SUPREMO TABACO LITRO;CONSTRUCCIÓN;PINTURAS;CONSTRUCCIÓN/PINTURAS;$6,23;D91019035;2;UNIDAS
UNIDAS LATEX SUPREMO TANGERINE GALON;CONSTRUCCIÓN;PINTURAS;CONSTRUCCIÓN/PINTURAS;$27,31;LS-1020A;6;UNIDAS
UNIDAS LATEX SUPREMO TECA GALON;CONSTRUCCIÓN;PINTURAS;CONSTRUCCIÓN/PINTURAS;$17,58;D91019038;2;UNIDAS
UNIDAS LATEX SUPREMO TERRANOVA GALON;CONSTRUCCIÓN;PINTURAS;CONSTRUCCIÓN/PINTURAS;$17,31;9124531P;1;UNIDAS
UNIDAS LATEX SUPREMO TIFFANY LITRO;CONSTRUCCIÓN;PINTURAS;CONSTRUCCIÓN/PINTURAS;$6,23;D91019046;2;UNIDAS
UNIDAS LATEX SUPREMO TOQUE DE SOL CANECA;CONSTRUCCIÓN;PINTURAS;CONSTRUCCIÓN/PINTURAS;$123,55;LS-1021F;1;UNIDAS
UNIDAS LATEX SUPREMO TOQUE DE SOL GALON;CONSTRUCCIÓN;PINTURAS;CONSTRUCCIÓN/PINTURAS;$20,49;LS-1021A;7;UNIDAS
UNIDAS LATEX SUPREMO VERDE OLIVO GALON;CONSTRUCCIÓN;PINTURAS;CONSTRUCCIÓN/PINTURAS;$20,49;LS-1015A;2;UNIDAS
UNIDAS LATEX SUPREMO VIOLETA ENCANTADO GALON;CONSTRUCCIÓN;PINTURAS;CONSTRUCCIÓN/PINTURAS;$20,49;LS-1060A;3;UNIDAS
VARILLA CORRUGADA 08MM X 12MTS ANDEC;CONSTRUCCIÓN;VARILLAS;CONSTRUCCIÓN/VARILLAS;$6,52;91001868;24,916;ANDEC
VARILLA CORRUGADA 10MM X 12MTS ANDEC;CONSTRUCCIÓN;VARILLAS;CONSTRUCCIÓN/VARILLAS;$10,17;91001871;11,776;ANDEC
VARILLA CORRUGADA 12 MM X 12 MT ANDEC;CONSTRUCCIÓN;VARILLAS;CONSTRUCCIÓN/VARILLAS;$14,66;91001874;19,068;ANDEC
VARILLA CORRUGADA 14MM X 12MTS ANDEC;CONSTRUCCIÓN;VARILLAS;CONSTRUCCIÓN/VARILLAS;$19,73;91001877;790;ANDEC
VIGA V1 (7.0MM 10X10) 6.5MT;CONSTRUCCIÓN;VIGAS;CONSTRUCCIÓN/VIGAS;$17,67;213587;5;OTROS PROVEEDOR
VIGA V2 (7.0MM 15X10) 6.5MT;CONSTRUCCIÓN;VIGAS;CONSTRUCCIÓN/VIGAS;$15,87;213588;8;OTROS PROVEEDOR
VIGA V3 (7.0MM 15X15) 6.5M;CONSTRUCCIÓN;VIGAS;CONSTRUCCIÓN/VIGAS;$17,16;D91017316;18;OTROS PROVEEDOR
VIGA V5 (9.0MM 15X10) 6.5MT;CONSTRUCCIÓN;VIGAS;CONSTRUCCIÓN/VIGAS;$26,23;213592;57;OTROS PROVEEDOR
VIGA V6 (9.0MM 15X15) 6.5M;CONSTRUCCIÓN;VIGAS;CONSTRUCCIÓN/VIGAS;$32,47;D91017318;157;OTROS PROVEEDOR
VIGA V7 (9.0MM 10X20) 6.5M;CONSTRUCCIÓN;VIGAS;CONSTRUCCIÓN/VIGAS;$29,77;D91017319;25;OTROS PROVEEDOR
VIGA V8 (12.0MM 15X15) 6.5M;CONSTRUCCIÓN;VIGAS;CONSTRUCCIÓN/VIGAS;$44,77;D91017320;130;OTROS PROVEEDOR
VIGA V9 (12.0MM 25X15) 6.5M;CONSTRUCCIÓN;VIGAS;CONSTRUCCIÓN/VIGAS;$46,52;D91017321;5;OTROS PROVEEDOR
